CPICHANGE,1947-02-28,0.006517690875232907
CPICHANGE,1947-03-31,0.01757631822386685
CPICHANGE,1947-04-30,0.0
CPICHANGE,1947-05-31,-0.002272727272727315
CPICHANGE,1947-06-30,0.005922551252847352
CPICHANGE,1947-07-31,0.006793478260869623
CPICHANGE,1947-08-31,0.007647323436797082
CPICHANGE,1947-09-30,0.019642857142857295
CPICHANGE,1947-10-31,0.0030647985989491477
CPICHANGE,1947-11-30,0.006547359231776406
CPICHANGE,1947-12-31,0.015177797051170838
CPICHANGE,1948-01-31,0.011533532678342562
CPICHANGE,1948-02-29,-0.0004222972972972583
CPICHANGE,1948-03-31,-0.007182087029995898
CPICHANGE,1948-04-30,0.013617021276595809
CPICHANGE,1948-05-31,0.007976490344248521
CPICHANGE,1948-06-30,0.005830903790087438
CPICHANGE,1948-07-31,0.010351966873705987
CPICHANGE,1948-08-31,0.0012295081967212962
CPICHANGE,1948-09-30,-0.002865329512893977
CPICHANGE,1948-10-31,-0.0020525451559935126
CPICHANGE,1948-11-30,-0.006170300287947295
CPICHANGE,1948-12-31,-0.004552980132450313
CPICHANGE,1949-01-31,-0.0016632016632016633
CPICHANGE,1949-02-28,-0.004164931278633932
CPICHANGE,1949-03-31,0.0
CPICHANGE,1949-04-30,0.0004182350480970154
CPICHANGE,1949-05-31,-0.0004180602006689238
CPICHANGE,1949-06-30,0.0004182350480970154
CPICHANGE,1949-07-31,-0.009197324414715768
CPICHANGE,1949-08-31,0.0
CPICHANGE,1949-09-30,0.0021097046413502962
CPICHANGE,1949-10-31,-0.003368421052631465
CPICHANGE,1949-11-30,0.0012674271229402567
CPICHANGE,1949-12-31,-0.0037974683544304
CPICHANGE,1950-01-31,-0.004235493434985083
CPICHANGE,1950-02-28,0.004253509145044632
CPICHANGE,1950-03-31,0.0012706480304955914
CPICHANGE,1950-04-30,0.0004230118443315778
CPICHANGE,1950-05-31,0.0050739957716703366
CPICHANGE,1950-06-30,0.00462768195204033
CPICHANGE,1950-07-31,0.007956448911222935
CPICHANGE,1950-08-31,0.00540091400083087
CPICHANGE,1950-09-30,0.005785123966942196
CPICHANGE,1950-10-31,0.006573541495480617
CPICHANGE,1950-11-30,0.004081632653061273
CPICHANGE,1950-12-31,0.015447154471544655
CPICHANGE,1951-01-31,0.01601281024819845
CPICHANGE,1951-02-28,0.01773049645390068
CPICHANGE,1951-03-31,0.0019357336430507743
CPICHANGE,1951-04-30,0.0015455950540959051
CPICHANGE,1951-05-31,0.002700617283950546
CPICHANGE,1951-06-30,-0.002308580223162715
CPICHANGE,1951-07-31,-0.0007713073659852965
CPICHANGE,1951-08-31,-0.001929756850636899
CPICHANGE,1951-09-30,0.006573859242072766
CPICHANGE,1951-10-31,0.0049942374183633564
CPICHANGE,1951-11-30,0.006116207951070374
CPICHANGE,1951-12-31,0.005699088145896702
CPICHANGE,1952-01-31,-0.000755572346052169
CPICHANGE,1952-02-29,-0.0015122873345935206
CPICHANGE,1952-03-31,-0.0007572889057174681
CPICHANGE,1952-04-30,0.0026525198938991412
CPICHANGE,1952-05-31,0.00037792894935750887
CPICHANGE,1952-06-30,0.002266717038156507
CPICHANGE,1952-07-31,0.005653976630229929
CPICHANGE,1952-08-31,0.0003748125937033109
CPICHANGE,1952-09-30,-0.0022480329711502822
CPICHANGE,1952-10-31,0.0022530980097634767
CPICHANGE,1952-11-30,0.0
CPICHANGE,1952-12-31,0.0007493443237167607
CPICHANGE,1953-01-31,-0.0026207412953950238
CPICHANGE,1953-02-28,-0.0018768768768768762
CPICHANGE,1953-03-31,0.00150432493418573
CPICHANGE,1953-04-30,0.0022530980097634767
CPICHANGE,1953-05-31,0.00037467216185826935
CPICHANGE,1953-06-30,0.0026217228464420206
CPICHANGE,1953-07-31,0.0007471049682479247
CPICHANGE,1953-08-31,0.002239641657334923
CPICHANGE,1953-09-30,0.0014897579143389184
CPICHANGE,1953-10-31,0.002231312755671233
CPICHANGE,1953-11-30,-0.0037105751391465214
CPICHANGE,1953-12-31,0.0007448789571693482
CPICHANGE,1954-01-31,0.002605135839225836
CPICHANGE,1954-02-28,0.0018559762435039762
CPICHANGE,1954-03-31,-0.0022230455724341347
CPICHANGE,1954-04-30,-0.0025993316004455647
CPICHANGE,1954-05-31,0.002606105733432562
CPICHANGE,1954-06-30,0.00037133308577796953
CPICHANGE,1954-07-31,-0.0029695619896066283
CPICHANGE,1954-08-31,-0.00037230081906169943
CPICHANGE,1954-09-30,-0.0014897579143390294
CPICHANGE,1954-10-31,-0.0033569563595673424
CPICHANGE,1954-11-30,0.002245508982035904
CPICHANGE,1954-12-31,-0.00037341299477222645
CPICHANGE,1955-01-31,0.0
CPICHANGE,1955-02-28,0.0018677624206200338
CPICHANGE,1955-03-31,-0.0011185682326622093
CPICHANGE,1955-04-30,0.0
CPICHANGE,1955-05-31,-0.000746547219111604
CPICHANGE,1955-06-30,-0.0022413149047441072
CPICHANGE,1955-07-31,0.0018719580681392234
CPICHANGE,1955-08-31,-0.001494768310911887
CPICHANGE,1955-09-30,0.0048652694610780145
CPICHANGE,1955-10-31,-0.0011173184357542443
CPICHANGE,1955-11-30,0.0022371364653244186
CPICHANGE,1955-12-31,-0.00037202380952372494
CPICHANGE,1956-01-31,-0.0014886490509863348
CPICHANGE,1956-02-29,0.001118151323145744
CPICHANGE,1956-03-31,0.0011169024571855424
CPICHANGE,1956-04-30,0.0014875418371140814
CPICHANGE,1956-05-31,0.0037133308577794732
CPICHANGE,1956-06-30,0.00443951165371792
CPICHANGE,1956-07-31,0.0051565377532227785
CPICHANGE,1956-08-31,0.0007328691828507594
CPICHANGE,1956-09-30,0.0014646649578908821
CPICHANGE,1956-10-31,0.005850091407678226
CPICHANGE,1956-11-30,0.0
CPICHANGE,1956-12-31,0.004362050163576825
CPICHANGE,1957-01-31,0.001447701773434673
CPICHANGE,1957-02-28,0.004698229129020515
CPICHANGE,1957-03-31,0.0021582733812948174
CPICHANGE,1957-04-30,0.002512562814070307
CPICHANGE,1957-05-31,0.0025062656641603454
CPICHANGE,1957-06-30,0.003928571428571503
CPICHANGE,1957-07-31,0.0028459622909997595
CPICHANGE,1957-08-31,0.0031926214969848488
CPICHANGE,1957-09-30,0.0014144271570013522
CPICHANGE,1957-10-31,0.0
CPICHANGE,1957-11-30,0.0031779661016948513
CPICHANGE,1957-12-31,0.002111932418162654
CPICHANGE,1958-01-31,0.005971197752019819
CPICHANGE,1958-02-28,0.0020949720670391248
CPICHANGE,1958-03-31,0.005923344947735165
CPICHANGE,1958-04-30,0.002424662279182588
CPICHANGE,1958-05-31,0.0
CPICHANGE,1958-06-30,-0.0010366275051831852
CPICHANGE,1958-07-31,-0.0006918021445866396
CPICHANGE,1958-08-31,0.001730702665282191
CPICHANGE,1958-09-30,-0.0010366275051831852
CPICHANGE,1958-10-31,0.0
CPICHANGE,1958-11-30,0.0013836042891732792
CPICHANGE,1958-12-31,0.000690846286701241
CPICHANGE,1959-01-31,0.001380738695202055
CPICHANGE,1959-02-28,-0.00034470872113068207
CPICHANGE,1959-03-31,-0.001034482758620725
CPICHANGE,1959-04-30,0.00034518467380051376
CPICHANGE,1959-05-31,0.0020703933747412417
CPICHANGE,1959-06-30,0.002410468319559156
CPICHANGE,1959-07-31,0.0013740982480248132
CPICHANGE,1959-08-31,0.0010291595197255976
CPICHANGE,1959-09-30,0.002398903358464821
CPICHANGE,1959-10-31,0.0034188034188034067
CPICHANGE,1959-11-30,0.0
CPICHANGE,1959-12-31,0.002044293015332155
CPICHANGE,1960-01-31,-0.0013600816048963127
CPICHANGE,1960-02-29,0.0013619339462036528
CPICHANGE,1960-03-31,0.0
CPICHANGE,1960-04-30,0.0044202652159128775
CPICHANGE,1960-05-31,0.0010155721056195333
CPICHANGE,1960-06-30,0.001352722353736846
CPICHANGE,1960-07-31,-0.0020263424518742745
CPICHANGE,1960-08-31,0.0020304568527917954
CPICHANGE,1960-09-30,0.0
CPICHANGE,1960-10-31,0.004728132387706863
CPICHANGE,1960-11-30,0.0010084033613446675
CPICHANGE,1960-12-31,0.001007387508394908
CPICHANGE,1961-01-31,0.0010063737001007045
CPICHANGE,1961-02-28,0.0
CPICHANGE,1961-03-31,0.0
CPICHANGE,1961-04-30,-0.00100536193029499
CPICHANGE,1961-05-31,0.0010063737001007045
CPICHANGE,1961-06-30,0.0
CPICHANGE,1961-07-31,0.002680965147453085
CPICHANGE,1961-08-31,0.0006684491978610207
CPICHANGE,1961-09-30,0.0013360053440214514
CPICHANGE,1961-10-31,0.0
CPICHANGE,1961-11-30,0.0
CPICHANGE,1961-12-31,0.0010006671114075605
CPICHANGE,1962-01-31,0.0009996667777407708
CPICHANGE,1962-02-28,0.0023302263648468102
CPICHANGE,1962-03-31,0.0019926934573231136
CPICHANGE,1962-04-30,0.0013258203513424327
CPICHANGE,1962-05-31,0.0009930486593843213
CPICHANGE,1962-06-30,-0.0009920634920633775
CPICHANGE,1962-07-31,0.00033101621979469975
CPICHANGE,1962-08-31,0.0019854401058903015
CPICHANGE,1962-09-30,0.004623513870541718
CPICHANGE,1962-10-31,-0.0013149243918475495
CPICHANGE,1962-11-30,0.0
CPICHANGE,1962-12-31,0.0
CPICHANGE,1963-01-31,0.0019749835418039208
CPICHANGE,1963-02-28,0.0013140604467805073
CPICHANGE,1963-03-31,0.0009842519685039353
CPICHANGE,1963-04-30,-0.000983284169124965
CPICHANGE,1963-05-31,0.0009842519685039353
CPICHANGE,1963-06-30,0.0032776138970829205
CPICHANGE,1963-07-31,0.002613524991832872
CPICHANGE,1963-08-31,0.0019550342130987275
CPICHANGE,1963-09-30,-0.0009756097560975618
CPICHANGE,1963-10-31,0.0009765625
CPICHANGE,1963-11-30,0.0009756097560975618
CPICHANGE,1963-12-31,0.0032488628979856493
CPICHANGE,1964-01-31,0.0019430051813471572
CPICHANGE,1964-02-29,-0.0009696186166774368
CPICHANGE,1964-03-31,0.0009705596894209467
CPICHANGE,1964-04-30,0.0003232062055591456
CPICHANGE,1964-05-31,0.0009693053311794486
CPICHANGE,1964-06-30,0.0009683666881858954
CPICHANGE,1964-07-31,0.00032247662044504466
CPICHANGE,1964-08-31,0.0009671179883945502
CPICHANGE,1964-09-30,0.0009661835748790981
CPICHANGE,1964-10-31,0.0012870012870014325
CPICHANGE,1964-11-30,0.002892030848329119
CPICHANGE,1964-12-31,0.001281640499839698
CPICHANGE,1965-01-31,0.0009600000000000719
CPICHANGE,1965-02-28,0.0
CPICHANGE,1965-03-31,0.0009590792838873874
CPICHANGE,1965-04-30,0.002235707441711865
CPICHANGE,1965-05-31,0.0031867431485022024
CPICHANGE,1965-06-30,0.0041296060991105055
CPICHANGE,1965-07-31,-0.000949066751028238
CPICHANGE,1965-08-31,-0.0009499683343887622
CPICHANGE,1965-09-30,0.0022187004754359307
CPICHANGE,1965-10-31,0.000948766603415585
CPICHANGE,1965-11-30,0.003159557661927437
CPICHANGE,1965-12-31,0.0031496062992126816
CPICHANGE,1966-01-31,0.0009419152276295417
CPICHANGE,1966-02-28,0.006273525721455453
CPICHANGE,1966-03-31,0.0031172069825435855
CPICHANGE,1966-04-30,0.003107520198881275
CPICHANGE,1966-05-31,0.0021685254027261625
CPICHANGE,1966-06-30,0.0009273570324574987
CPICHANGE,1966-07-31,0.0021618282890674134
CPICHANGE,1966-08-31,0.006163328197226425
CPICHANGE,1966-09-30,0.003062787136294043
CPICHANGE,1966-10-31,0.003053435114503955
CPICHANGE,1966-11-30,0.0009132420091324533
CPICHANGE,1966-12-31,0.0012165450121655041
CPICHANGE,1967-01-31,-0.0006075334143378353
CPICHANGE,1967-02-28,0.003039513677811634
CPICHANGE,1967-03-31,0.0
CPICHANGE,1967-04-30,0.003030303030303161
CPICHANGE,1967-05-31,0.0
CPICHANGE,1967-06-30,0.0060422960725075026
CPICHANGE,1967-07-31,0.0030030030030030463
CPICHANGE,1967-08-31,0.0029940119760478723
CPICHANGE,1967-09-30,0.0029850746268658135
CPICHANGE,1967-10-31,0.0029761904761904656
CPICHANGE,1967-11-30,0.005934718100890191
CPICHANGE,1967-12-31,0.002949852507374784
CPICHANGE,1968-01-31,0.002941176470588225
CPICHANGE,1968-02-29,0.0029325513196480912
CPICHANGE,1968-03-31,0.0029239766081869956
CPICHANGE,1968-04-30,0.00291545189504383
CPICHANGE,1968-05-31,0.0029069767441860517
CPICHANGE,1968-06-30,0.005797101449275477
CPICHANGE,1968-07-31,0.0057636887608067955
CPICHANGE,1968-08-31,0.002865329512893977
CPICHANGE,1968-09-30,0.0028571428571428914
CPICHANGE,1968-10-31,0.005698005698005604
CPICHANGE,1968-11-30,0.0028328611898016387
CPICHANGE,1968-12-31,0.005649717514124353
CPICHANGE,1969-01-31,0.002808988764045006
CPICHANGE,1969-02-28,0.0028011204481790397
CPICHANGE,1969-03-31,0.008379888268156499
CPICHANGE,1969-04-30,0.005540166204986097
CPICHANGE,1969-05-31,0.0027548209366392573
CPICHANGE,1969-06-30,0.005494505494505475
CPICHANGE,1969-07-31,0.005464480874316724
CPICHANGE,1969-08-31,0.0027173913043478937
CPICHANGE,1969-09-30,0.005420054200542035
CPICHANGE,1969-10-31,0.005390835579514697
CPICHANGE,1969-11-30,0.00536193029490617
CPICHANGE,1969-12-31,0.005333333333333412
CPICHANGE,1970-01-31,0.0053050397877982824
CPICHANGE,1970-02-28,0.005277044854881341
CPICHANGE,1970-03-31,0.005249343832020914
CPICHANGE,1970-04-30,0.005221932114882533
CPICHANGE,1970-05-31,0.0025974025974027093
CPICHANGE,1970-06-30,0.005181347150258864
CPICHANGE,1970-07-31,0.002577319587628857
CPICHANGE,1970-08-31,0.0025706940874037354
CPICHANGE,1970-09-30,0.00512820512820511
CPICHANGE,1970-10-31,0.005102040816326481
CPICHANGE,1970-11-30,0.005076142131979822
CPICHANGE,1970-12-31,0.005050505050504972
CPICHANGE,1971-01-31,0.002512562814070307
CPICHANGE,1971-02-28,0.0
CPICHANGE,1971-03-31,0.0025062656641603454
CPICHANGE,1971-04-30,0.0024999999999999467
CPICHANGE,1971-05-31,0.004987531172069737
CPICHANGE,1971-06-30,0.00496277915632759
CPICHANGE,1971-07-31,0.0024691358024691024
CPICHANGE,1971-08-31,0.0024630541871921707
CPICHANGE,1971-09-30,0.002457002457002311
CPICHANGE,1971-10-31,0.002450980392156854
CPICHANGE,1971-11-30,0.0024449877750611915
CPICHANGE,1971-12-31,0.0024390243902439046
CPICHANGE,1972-01-31,0.0024330900243310083
CPICHANGE,1972-02-29,0.004854368932038833
CPICHANGE,1972-03-31,0.0
CPICHANGE,1972-04-30,0.0024154589371980784
CPICHANGE,1972-05-31,0.002409638554216942
CPICHANGE,1972-06-30,0.0024038461538462563
CPICHANGE,1972-07-31,0.0023980815347719453
CPICHANGE,1972-08-31,0.0023923444976077235
CPICHANGE,1972-09-30,0.004773269689737569
CPICHANGE,1972-10-31,0.002375296912114022
CPICHANGE,1972-11-30,0.004739336492890933
CPICHANGE,1972-12-31,0.002358490566037874
CPICHANGE,1973-01-31,0.004705882352941337
CPICHANGE,1973-02-28,0.007025761124121788
CPICHANGE,1973-03-31,0.009302325581395321
CPICHANGE,1973-04-30,0.00691244239631339
CPICHANGE,1973-05-31,0.004576659038901587
CPICHANGE,1973-06-30,0.006833712984054774
CPICHANGE,1973-07-31,0.0
CPICHANGE,1973-08-31,0.018099547511312153
CPICHANGE,1973-09-30,0.004444444444444473
CPICHANGE,1973-10-31,0.008849557522123908
CPICHANGE,1973-11-30,0.006578947368421018
CPICHANGE,1973-12-31,0.008714596949890963
CPICHANGE,1974-01-31,0.010799136069114423
CPICHANGE,1974-02-28,0.010683760683760646
CPICHANGE,1974-03-31,0.010570824524312794
CPICHANGE,1974-04-30,0.006276150627615218
CPICHANGE,1974-05-31,0.01039501039501034
CPICHANGE,1974-06-30,0.008230452674897082
CPICHANGE,1974-07-31,0.006122448979591688
CPICHANGE,1974-08-31,0.012170385395537497
CPICHANGE,1974-09-30,0.014028056112224574
CPICHANGE,1974-10-31,0.007905138339920903
CPICHANGE,1974-11-30,0.009803921568627416
CPICHANGE,1974-12-31,0.007766990291262044
CPICHANGE,1975-01-31,0.007707129094412402
CPICHANGE,1975-02-28,0.005736137667304186
CPICHANGE,1975-03-31,0.0038022813688212143
CPICHANGE,1975-04-30,0.0037878787878788955
CPICHANGE,1975-05-31,0.0018867924528302993
CPICHANGE,1975-06-30,0.007532956685499137
CPICHANGE,1975-07-31,0.009345794392523255
CPICHANGE,1975-08-31,0.0037037037037037646
CPICHANGE,1975-09-30,0.007380073800737907
CPICHANGE,1975-10-31,0.005494505494505475
CPICHANGE,1975-11-30,0.007285974499089187
CPICHANGE,1975-12-31,0.005424954792043524
CPICHANGE,1976-01-31,0.003597122302158251
CPICHANGE,1976-02-29,0.0017921146953405742
CPICHANGE,1976-03-31,0.0017889087656530744
CPICHANGE,1976-04-30,0.0017857142857142794
CPICHANGE,1976-05-31,0.005347593582887722
CPICHANGE,1976-06-30,0.005319148936170359
CPICHANGE,1976-07-31,0.005291005291005346
CPICHANGE,1976-08-31,0.0052631578947368585
CPICHANGE,1976-09-30,0.00523560209424101
CPICHANGE,1976-10-31,0.005208333333333259
CPICHANGE,1976-11-30,0.003454231433505983
CPICHANGE,1976-12-31,0.005163511187607606
CPICHANGE,1977-01-31,0.005136986301369939
CPICHANGE,1977-02-28,0.010221465076660996
CPICHANGE,1977-03-31,0.005059021922428464
CPICHANGE,1977-04-30,0.006711409395973034
CPICHANGE,1977-05-31,0.0033333333333334103
CPICHANGE,1977-06-30,0.004983388704318914
CPICHANGE,1977-07-31,0.0049586776859502635
CPICHANGE,1977-08-31,0.00493421052631593
CPICHANGE,1977-09-30,0.003273322422258529
CPICHANGE,1977-10-31,0.004893964110930016
CPICHANGE,1977-11-30,0.006493506493506551
CPICHANGE,1977-12-31,0.004838709677419395
CPICHANGE,1978-01-31,0.006420545746388617
CPICHANGE,1978-02-28,0.004784688995215225
CPICHANGE,1978-03-31,0.006349206349206327
CPICHANGE,1978-04-30,0.007886435331230235
CPICHANGE,1978-05-31,0.009389671361502261
CPICHANGE,1978-06-30,0.007751937984496138
CPICHANGE,1978-07-31,0.007692307692307665
CPICHANGE,1978-08-31,0.006106870229007688
CPICHANGE,1978-09-30,0.009104704097116834
CPICHANGE,1978-10-31,0.009022556390977376
CPICHANGE,1978-11-30,0.005961251862891315
CPICHANGE,1978-12-31,0.005925925925926112
CPICHANGE,1979-01-31,0.008836524300441795
CPICHANGE,1979-02-28,0.010218978102189746
CPICHANGE,1979-03-31,0.010115606936416333
CPICHANGE,1979-04-30,0.010014306151645114
CPICHANGE,1979-05-31,0.011331444759206999
CPICHANGE,1979-06-30,0.011204481792717047
CPICHANGE,1979-07-31,0.011080332409972193
CPICHANGE,1979-08-31,0.009589041095890538
CPICHANGE,1979-09-30,0.009497964721845387
CPICHANGE,1979-10-31,0.010752688172043001
CPICHANGE,1979-11-30,0.010638297872340496
CPICHANGE,1979-12-31,0.011842105263157876
CPICHANGE,1980-01-31,0.014304291287386084
CPICHANGE,1980-02-29,0.012820512820512775
CPICHANGE,1980-03-31,0.013924050632911245
CPICHANGE,1980-04-30,0.00998751560549338
CPICHANGE,1980-05-31,0.009888751545117369
CPICHANGE,1980-06-30,0.009791921664626724
CPICHANGE,1980-07-31,0.00121212121212122
CPICHANGE,1980-08-31,0.007263922518159882
CPICHANGE,1980-09-30,0.008413461538461675
CPICHANGE,1980-10-31,0.009535160905840279
CPICHANGE,1980-11-30,0.010625737898465104
CPICHANGE,1980-12-31,0.009345794392523477
CPICHANGE,1981-01-31,0.0092592592592593
CPICHANGE,1981-02-28,0.00917431192660545
CPICHANGE,1981-03-31,0.006818181818181834
CPICHANGE,1981-04-30,0.0056433408577878375
CPICHANGE,1981-05-31,0.006734006734006925
CPICHANGE,1981-06-30,0.008918617614269708
CPICHANGE,1981-07-31,0.011049723756906049
CPICHANGE,1981-08-31,0.007650273224043769
CPICHANGE,1981-09-30,0.009761388286333883
CPICHANGE,1981-10-31,0.003222341568206444
CPICHANGE,1981-11-30,0.004282655246252487
CPICHANGE,1981-12-31,0.0031982942430703876
CPICHANGE,1982-01-31,0.0031880977683316214
CPICHANGE,1982-02-28,0.0031779661016948513
CPICHANGE,1982-03-31,0.0
CPICHANGE,1982-04-30,0.0031678986272438703
CPICHANGE,1982-05-31,0.0094736842105263
CPICHANGE,1982-06-30,0.011470281543274119
CPICHANGE,1982-07-31,0.005154639175257714
CPICHANGE,1982-08-31,0.002051282051282133
CPICHANGE,1982-09-30,0.0
CPICHANGE,1982-10-31,0.004094165813715467
CPICHANGE,1982-11-30,-0.0010193679918449883
CPICHANGE,1982-12-31,-0.003061224489795844
CPICHANGE,1983-01-31,0.0020470829068577334
CPICHANGE,1983-02-28,0.0010214504596526286
CPICHANGE,1983-03-31,0.0010204081632652073
CPICHANGE,1983-04-30,0.007135575942915473
CPICHANGE,1983-05-31,0.004048582995951566
CPICHANGE,1983-06-30,0.002016129032258007
CPICHANGE,1983-07-31,0.004024144869215096
CPICHANGE,1983-08-31,0.0030060120240480437
CPICHANGE,1983-09-30,0.0029970029970030065
CPICHANGE,1983-10-31,0.003984063745019917
CPICHANGE,1983-11-30,0.0029761904761904656
CPICHANGE,1983-12-31,0.0029673590504453173
CPICHANGE,1984-01-31,0.006903353057199135
CPICHANGE,1984-02-29,0.004897159647404559
CPICHANGE,1984-03-31,0.0029239766081872176
CPICHANGE,1984-04-30,0.0038872691933915515
CPICHANGE,1984-05-31,0.0019361084220717029
CPICHANGE,1984-06-30,0.0019323671497584183
CPICHANGE,1984-07-31,0.0038572806171648377
CPICHANGE,1984-08-31,0.0028818443804035088
CPICHANGE,1984-09-30,0.002873563218390718
CPICHANGE,1984-10-31,0.0038204393505252288
CPICHANGE,1984-11-30,0.0019029495718363432
CPICHANGE,1984-12-31,0.0018993352326686086
CPICHANGE,1985-01-31,0.0018957345971564177
CPICHANGE,1985-02-28,0.005676442762535316
CPICHANGE,1985-03-31,0.00470366886171214
CPICHANGE,1985-04-30,0.0018726591760300781
CPICHANGE,1985-05-31,0.0018691588785046953
CPICHANGE,1985-06-30,0.002798507462686617
CPICHANGE,1985-07-31,0.0018604651162790198
CPICHANGE,1985-08-31,0.0018570102135562205
CPICHANGE,1985-09-30,0.001853568118628246
CPICHANGE,1985-10-31,0.0037002775208141436
CPICHANGE,1985-11-30,0.004608294930875667
CPICHANGE,1985-12-31,0.004587155963302836
CPICHANGE,1986-01-31,0.0036529680365298134
CPICHANGE,1986-02-28,-0.0018198362147406888
CPICHANGE,1986-03-31,-0.005469462169553352
CPICHANGE,1986-04-30,-0.0036663611365719273
CPICHANGE,1986-05-31,0.002759889604415866
CPICHANGE,1986-06-30,0.003669724770642313
CPICHANGE,1986-07-31,0.000914076782449591
CPICHANGE,1986-08-31,0.0009132420091324533
CPICHANGE,1986-09-30,0.0036496350364965124
CPICHANGE,1986-10-31,0.001818181818181941
CPICHANGE,1986-11-30,0.001814882032667997
CPICHANGE,1986-12-31,0.0036231884057971175
CPICHANGE,1987-01-31,0.005415162454873723
CPICHANGE,1987-02-28,0.0035906642728904536
CPICHANGE,1987-03-31,0.003577817531305927
CPICHANGE,1987-04-30,0.004456327985739694
CPICHANGE,1987-05-31,0.002661934338952898
CPICHANGE,1987-06-30,0.004424778761061843
CPICHANGE,1987-07-31,0.002643171806167466
CPICHANGE,1987-08-31,0.004393673110720586
CPICHANGE,1987-09-30,0.0034995625546807574
CPICHANGE,1987-10-31,0.0026155187445509043
CPICHANGE,1987-11-30,0.003478260869565375
CPICHANGE,1987-12-31,0.0017331022530329143
CPICHANGE,1988-01-31,0.0034602076124568004
CPICHANGE,1988-02-29,0.0017241379310344307
CPICHANGE,1988-03-31,0.002581755593803692
CPICHANGE,1988-04-30,0.006008583690987113
CPICHANGE,1988-05-31,0.0025597269624573205
CPICHANGE,1988-06-30,0.004255319148936065
CPICHANGE,1988-07-31,0.004237288135593209
CPICHANGE,1988-08-31,0.00421940928270037
CPICHANGE,1988-09-30,0.004201680672268893
CPICHANGE,1988-10-31,0.0033472803347280866
CPICHANGE,1988-11-30,0.0033361134278564464
CPICHANGE,1988-12-31,0.0033250207813799726
CPICHANGE,1989-01-31,0.0041425020712511085
CPICHANGE,1989-02-28,0.0033003300330032292
CPICHANGE,1989-03-31,0.00493421052631593
CPICHANGE,1989-04-30,0.0073649754500817455
CPICHANGE,1989-05-31,0.004874086108854758
CPICHANGE,1989-06-30,0.003233629749393563
CPICHANGE,1989-07-31,0.003223207091055613
CPICHANGE,1989-08-31,0.0
CPICHANGE,1989-09-30,0.002409638554216942
CPICHANGE,1989-10-31,0.004807692307692291
CPICHANGE,1989-11-30,0.003987240829345984
CPICHANGE,1989-12-31,0.003177124702144596
CPICHANGE,1990-01-31,0.009501187648456089
CPICHANGE,1990-02-28,0.0039215686274509665
CPICHANGE,1990-03-31,0.004687499999999956
CPICHANGE,1990-04-30,0.002332814930015692
CPICHANGE,1990-05-31,0.0015515903801395226
CPICHANGE,1990-06-30,0.006196746707978429
CPICHANGE,1990-07-31,0.004618937644341736
CPICHANGE,1990-08-31,0.008429118773946254
CPICHANGE,1990-09-30,0.006838905775075954
CPICHANGE,1990-10-31,0.006792452830188811
CPICHANGE,1990-11-30,0.002248875562218755
CPICHANGE,1990-12-31,0.0037397157816005944
CPICHANGE,1991-01-31,0.0037257824143070994
CPICHANGE,1991-02-28,0.0007423904974017681
CPICHANGE,1991-03-31,0.0
CPICHANGE,1991-04-30,0.002225519287833766
CPICHANGE,1991-05-31,0.0037009622501851247
CPICHANGE,1991-06-30,0.002949852507374784
CPICHANGE,1991-07-31,0.0014705882352941124
CPICHANGE,1991-08-31,0.002936857562408246
CPICHANGE,1991-09-30,0.002928257686676483
CPICHANGE,1991-10-31,0.0014598540145984717
CPICHANGE,1991-11-30,0.004373177842565745
CPICHANGE,1991-12-31,0.002902757619738683
CPICHANGE,1992-01-31,0.0007235890014474222
CPICHANGE,1992-02-29,0.002169197396963085
CPICHANGE,1992-03-31,0.003607503607503615
CPICHANGE,1992-04-30,0.0021567217828901697
CPICHANGE,1992-05-31,0.002152080344332674
CPICHANGE,1992-06-30,0.0028632784538296097
CPICHANGE,1992-07-31,0.002855103497501732
CPICHANGE,1992-08-31,0.002135231316725994
CPICHANGE,1992-09-30,0.0021306818181816567
CPICHANGE,1992-10-31,0.00425230333097093
CPICHANGE,1992-11-30,0.0028228652081863093
CPICHANGE,1992-12-31,0.0014074595355384467
CPICHANGE,1993-01-31,0.0035137034434293835
CPICHANGE,1993-02-28,0.0021008403361342243
CPICHANGE,1993-03-31,0.0013976240391335715
CPICHANGE,1993-04-30,0.0034891835310537633
CPICHANGE,1993-05-31,0.0027816411682890507
CPICHANGE,1993-06-30,0.0006934812760057696
CPICHANGE,1993-07-31,0.001386001386001201
CPICHANGE,1993-08-31,0.0020761245674740803
CPICHANGE,1993-09-30,0.0013812154696131174
CPICHANGE,1993-10-31,0.004137931034482678
CPICHANGE,1993-11-30,0.0027472527472527375
CPICHANGE,1993-12-31,0.00205479452054802
CPICHANGE,1994-01-31,0.0
CPICHANGE,1994-02-28,0.002734107997265811
CPICHANGE,1994-03-31,0.0027266530334015826
CPICHANGE,1994-04-30,0.0006798096532969478
CPICHANGE,1994-05-31,0.0020380434782609758
CPICHANGE,1994-06-30,0.0027118644067796183
CPICHANGE,1994-07-31,0.0033806626098715764
CPICHANGE,1994-08-31,0.0040431266846361336
CPICHANGE,1994-09-30,0.002013422818792021
CPICHANGE,1994-10-31,0.0006697923643670389
CPICHANGE,1994-11-30,0.0026773761713521083
CPICHANGE,1994-12-31,0.0020026702269690944
CPICHANGE,1995-01-31,0.0026648900732844094
CPICHANGE,1995-02-28,0.0026578073089700283
CPICHANGE,1995-03-31,0.001988071570576455
CPICHANGE,1995-04-30,0.003968253968254176
CPICHANGE,1995-05-31,0.0019762845849802257
CPICHANGE,1995-06-30,0.0019723865877712132
CPICHANGE,1995-07-31,0.001312335958005173
CPICHANGE,1995-08-31,0.001965923984272644
CPICHANGE,1995-09-30,0.001308044473512071
CPICHANGE,1995-10-31,0.0026126714565644082
CPICHANGE,1995-11-30,0.0013029315960910726
CPICHANGE,1995-12-31,0.0013012361743658385
CPICHANGE,1996-01-31,0.005198180636777128
CPICHANGE,1996-02-29,0.0019392372333548735
CPICHANGE,1996-03-31,0.003225806451612856
CPICHANGE,1996-04-30,0.0038585209003214604
CPICHANGE,1996-05-31,0.0019218449711724261
CPICHANGE,1996-06-30,0.0019181585677747748
CPICHANGE,1996-07-31,0.0019144862795150708
CPICHANGE,1996-08-31,0.001273885350318471
CPICHANGE,1996-09-30,0.0031806615776082126
CPICHANGE,1996-10-31,0.003170577045022105
CPICHANGE,1996-11-30,0.003160556257901348
CPICHANGE,1996-12-31,0.002520478890989386
CPICHANGE,1997-01-31,0.0018856065367693908
CPICHANGE,1997-02-28,0.0018820577164364583
CPICHANGE,1997-03-31,0.0006261740763933155
CPICHANGE,1997-04-30,0.0006257822277846437
CPICHANGE,1997-05-31,0.0
CPICHANGE,1997-06-30,0.0018761726078797558
CPICHANGE,1997-07-31,0.0012484394506866447
CPICHANGE,1997-08-31,0.0024937655860348684
CPICHANGE,1997-09-30,0.0024875621890545485
CPICHANGE,1997-10-31,0.0018610421836229296
CPICHANGE,1997-11-30,0.0012383900928791824
CPICHANGE,1997-12-31,0.0006184291898578831
CPICHANGE,1998-01-31,0.0012360939431395046
CPICHANGE,1998-02-28,0.0
CPICHANGE,1998-03-31,0.0
CPICHANGE,1998-04-30,0.0012345679012344402
CPICHANGE,1998-05-31,0.002466091245376223
CPICHANGE,1998-06-30,0.0012300123001232066
CPICHANGE,1998-07-31,0.002457002457002311
CPICHANGE,1998-08-31,0.001225490196078427
CPICHANGE,1998-09-30,0.000611995104039087
CPICHANGE,1998-10-31,0.0024464831804280607
CPICHANGE,1998-11-30,0.0012202562538132788
CPICHANGE,1998-12-31,0.001828153564899626
CPICHANGE,1999-01-31,0.0018248175182480342
CPICHANGE,1999-02-28,0.0
CPICHANGE,1999-03-31,0.0006071645415908211
CPICHANGE,1999-04-30,0.006674757281553312
CPICHANGE,1999-05-31,0.0006027727546713546
CPICHANGE,1999-06-30,0.0
CPICHANGE,1999-07-31,0.004216867469879482
CPICHANGE,1999-08-31,0.002399520095980767
CPICHANGE,1999-09-30,0.00418910831837227
CPICHANGE,1999-10-31,0.0017878426698449967
CPICHANGE,1999-11-30,0.0017846519928614857
CPICHANGE,1999-12-31,0.002375296912114022
CPICHANGE,2000-01-31,0.002962085308056972
CPICHANGE,2000-02-29,0.0041346721795627595
CPICHANGE,2000-03-31,0.00588235294117645
CPICHANGE,2000-04-30,-0.0005847953216373547
CPICHANGE,2000-05-31,0.0017554125219425565
CPICHANGE,2000-06-30,0.005841121495327117
CPICHANGE,2000-07-31,0.0029036004645761615
CPICHANGE,2000-08-31,0.0
CPICHANGE,2000-09-30,0.005211349160393786
CPICHANGE,2000-10-31,0.001728110599078514
CPICHANGE,2000-11-30,0.0017251293847038163
CPICHANGE,2000-12-31,0.0022962112514350874
CPICHANGE,2001-01-31,0.00572737686139746
CPICHANGE,2001-02-28,0.002277904328018332
CPICHANGE,2001-03-31,0.0005681818181817455
CPICHANGE,2001-04-30,0.0017035775127769437
CPICHANGE,2001-05-31,0.005102040816326481
CPICHANGE,2001-06-30,0.002256063169768563
CPICHANGE,2001-07-31,-0.0016882386043892694
CPICHANGE,2001-08-31,0.0
CPICHANGE,2001-09-30,0.003945885005636862
CPICHANGE,2001-10-31,-0.0028074115665356336
CPICHANGE,2001-11-30,-0.0005630630630630851
CPICHANGE,2001-12-31,-0.0005633802816901179
CPICHANGE,2002-01-31,0.0016910935738443378
CPICHANGE,2002-02-28,0.0016882386043894915
CPICHANGE,2002-03-31,0.002808988764045006
CPICHANGE,2002-04-30,0.004481792717086819
CPICHANGE,2002-05-31,0.001115448968209698
CPICHANGE,2002-06-30,0.0005571030640667551
CPICHANGE,2002-07-31,0.00222717149220486
CPICHANGE,2002-08-31,0.002777777777777768
CPICHANGE,2002-09-30,0.0016620498614958734
CPICHANGE,2002-10-31,0.0022123893805308104
CPICHANGE,2002-11-30,0.0016556291390728006
CPICHANGE,2002-12-31,0.0016528925619836432
CPICHANGE,2003-01-31,0.004400440044004306
CPICHANGE,2003-02-28,0.005476451259583737
CPICHANGE,2003-03-31,0.0016339869281045694
CPICHANGE,2003-04-30,-0.0038064165307233333
CPICHANGE,2003-05-31,-0.0016375545851528006
CPICHANGE,2003-06-30,0.0010934937124111865
CPICHANGE,2003-07-31,0.003276897870016393
CPICHANGE,2003-08-31,0.004354926510615087
CPICHANGE,2003-09-30,0.003252032520325132
CPICHANGE,2003-10-31,-0.0010804970286331095
CPICHANGE,2003-11-30,0.0005408328826392861
CPICHANGE,2003-12-31,0.002702702702702675
CPICHANGE,2004-01-31,0.004312668463611891
CPICHANGE,2004-02-29,0.0021470746108425143
CPICHANGE,2004-03-31,0.002142474558114671
CPICHANGE,2004-04-30,0.0016034206306787535
CPICHANGE,2004-05-31,0.004268943436499306
CPICHANGE,2004-06-30,0.0037194473963868546
CPICHANGE,2004-07-31,0.001058761249338236
CPICHANGE,2004-08-31,0.0005288207297726721
CPICHANGE,2004-09-30,0.003171247357294016
CPICHANGE,2004-10-31,0.005268703898840821
CPICHANGE,2004-11-30,0.004716981132075304
CPICHANGE,2004-12-31,0.0
CPICHANGE,2005-01-31,-0.0005216484089722861
CPICHANGE,2005-02-28,0.0041753653444676075
CPICHANGE,2005-03-31,0.0036382536382535413
CPICHANGE,2005-04-30,0.0031071983428274663
CPICHANGE,2005-05-31,-0.0005162622612286949
CPICHANGE,2005-06-30,0.0005165289256197081
CPICHANGE,2005-07-31,0.006195147134744561
CPICHANGE,2005-08-31,0.0061570035915854415
CPICHANGE,2005-09-30,0.013768485466598701
CPICHANGE,2005-10-31,0.0015090543259557165
CPICHANGE,2005-11-30,-0.0050226017076845375
CPICHANGE,2005-12-31,0.0
CPICHANGE,2006-01-31,0.006057546693589266
CPICHANGE,2006-02-28,0.0005017561465128217
CPICHANGE,2006-03-31,0.0015045135406217547
CPICHANGE,2006-04-30,0.005007511266900355
CPICHANGE,2006-05-31,0.002989536621823774
CPICHANGE,2006-06-30,0.0024838549428713996
CPICHANGE,2006-07-31,0.005450941526263575
CPICHANGE,2006-08-31,0.004435682602267121
CPICHANGE,2006-09-30,-0.004906771344455385
CPICHANGE,2006-10-31,-0.004437869822485285
CPICHANGE,2006-11-30,0.0004952947003467045
CPICHANGE,2006-12-31,0.00544554455445545
CPICHANGE,2007-01-31,0.001659281142294633
CPICHANGE,2007-02-28,0.003878350545869269
CPICHANGE,2007-03-31,0.005200121434097538
CPICHANGE,2007-04-30,0.003000662483924943
CPICHANGE,2007-05-31,0.004132994016629032
CPICHANGE,2007-06-30,0.0023167517109623503
CPICHANGE,2007-07-31,0.0017805958481715844
CPICHANGE,2007-08-31,0.00030828070885302594
CPICHANGE,2007-09-30,0.0042375533907650365
CPICHANGE,2007-10-31,0.0030832378312801723
CPICHANGE,2007-11-30,0.007858884267890387
CPICHANGE,2007-12-31,0.002898014551732553
CPICHANGE,2008-01-31,0.003447705076970342
CPICHANGE,2008-02-29,0.0024178268779397882
CPICHANGE,2008-03-31,0.003578027806118822
CPICHANGE,2008-04-30,0.002314381020201539
CPICHANGE,2008-05-31,0.0059174916566171465
CPICHANGE,2008-06-30,0.0104782350098509
CPICHANGE,2008-07-31,0.007141444751521009
CPICHANGE,2008-08-31,-0.0014884757278006422
CPICHANGE,2008-09-30,0.0008550916822900323
CPICHANGE,2008-10-31,-0.008598436564828615
CPICHANGE,2008-11-30,-0.017705477084725474
CPICHANGE,2008-12-31,-0.008233522399403226
CPICHANGE,2009-01-31,0.0025307713412614508
CPICHANGE,2009-02-28,0.003642660652187324
CPICHANGE,2009-03-31,-0.000987282856538485
CPICHANGE,2009-04-30,0.0010070825195886979
CPICHANGE,2009-05-31,0.0014714939189219844
CPICHANGE,2009-06-30,0.008299612246622345
CPICHANGE,2009-07-31,-0.00029796545463012247
CPICHANGE,2009-08-31,0.0033484533777929926
CPICHANGE,2009-09-30,0.0019308872334005134
CPICHANGE,2009-10-31,0.003001931798703783
CPICHANGE,2009-11-30,0.0033485905897676638
CPICHANGE,2009-12-31,0.0005201763996427466
CPICHANGE,2010-01-31,0.0006487322116246474
CPICHANGE,2010-02-28,-0.0009517766497462166
CPICHANGE,2010-03-31,0.00033136813619227823
CPICHANGE,2010-04-30,0.00023004053314190642
CPICHANGE,2010-05-31,-0.0005197720362644098
CPICHANGE,2010-06-30,-0.00041879515854381655
CPICHANGE,2010-07-31,0.0018692535416828804
CPICHANGE,2010-08-31,0.0014613634796996067
CPICHANGE,2010-09-30,0.001615249422961318
CPICHANGE,2010-10-31,0.00348184629481163
CPICHANGE,2010-11-30,0.0025338416234848005
CPICHANGE,2010-12-31,0.004016576346828282
CPICHANGE,2011-01-31,0.003243042200370194
CPICHANGE,2011-02-28,0.00321447463006419
CPICHANGE,2011-03-31,0.0051735482068338
CPICHANGE,2011-04-30,0.0046940989750992035
CPICHANGE,2011-05-31,0.003181714734507679
CPICHANGE,2011-06-30,0.0
CPICHANGE,2011-07-31,0.0026200368317570444
CPICHANGE,2011-08-31,0.003154462166418792
CPICHANGE,2011-09-30,0.0021715478580843772
CPICHANGE,2011-10-31,0.0006752075270193281
CPICHANGE,2011-11-30,0.0018478500551268873
CPICHANGE,2011-12-31,0.00023770849015480877
CPICHANGE,2012-01-31,0.0027241960540966836
CPICHANGE,2012-02-29,0.002137446124946152
CPICHANGE,2012-03-31,0.002093470387029228
CPICHANGE,2012-04-30,0.0016607883500068255
CPICHANGE,2012-05-31,-0.002068180132381081
CPICHANGE,2012-06-30,-0.0008263631713106845
CPICHANGE,2012-07-31,0.0002888099280600187
CPICHANGE,2012-08-31,0.00580952797585188
CPICHANGE,2012-09-30,0.004771266277542319
CPICHANGE,2012-10-31,0.0026967945804385884
CPICHANGE,2012-11-30,-0.0016793444944266378
CPICHANGE,2012-12-31,-0.00012108160467716456
CPICHANGE,2013-01-31,0.001980788942180789
CPICHANGE,2013-02-28,0.005429926752100966
CPICHANGE,2013-03-31,-0.0028119191025899326
CPICHANGE,2013-04-30,-0.002087979266581219
CPICHANGE,2013-05-31,0.00041415548950163306
CPICHANGE,2013-06-30,0.002380408205508555
CPICHANGE,2013-07-31,0.001957452300544338
CPICHANGE,2013-08-31,0.0023872906826962748
CPICHANGE,2013-09-30,0.00037694469193350066
CPICHANGE,2013-10-31,0.000535231048539142
CPICHANGE,2013-11-30,0.0018444894273523804
CPICHANGE,2013-12-31,0.0026441691584793148
CPICHANGE,2014-01-31,0.0024241752904536895
CPICHANGE,2014-02-28,0.0011007786202441583
CPICHANGE,2014-03-31,0.00204205530106516
CPICHANGE,2014-04-30,0.0018641856050976013
CPICHANGE,2014-05-31,0.0019030059035471947
CPICHANGE,2014-06-30,0.001321132206079767
CPICHANGE,2014-07-31,0.001125485286492811
CPICHANGE,2014-08-31,-0.00016000134737970129
CPICHANGE,2014-09-30,7.159100480080838e-05
CPICHANGE,2014-10-31,-0.00019791390324119806
CPICHANGE,2014-11-30,-0.0018826601524659647
CPICHANGE,2014-12-31,-0.0030846094445592387
CPICHANGE,2015-01-31,-0.006493066725361096
CPICHANGE,2015-02-28,0.002206903603473087
CPICHANGE,2015-03-31,0.0032690574571918596
CPICHANGE,2015-04-30,0.0006398169530306141
CPICHANGE,2015-05-31,0.003463812056437199
CPICHANGE,2015-06-30,0.002996109277811021
CPICHANGE,2015-07-31,0.0015524814459535463
CPICHANGE,2015-08-31,-0.00010501863030498715
CPICHANGE,2015-09-30,-0.0021930193086526772
CPICHANGE,2015-10-31,0.001157865485503562
CPICHANGE,2015-11-30,0.0009883043640996902
CPICHANGE,2015-12-31,-0.0008360782468405104
CPICHANGE,2016-01-31,6.727862179745081e-05
CPICHANGE,2016-02-29,-0.0015304856769245978
CPICHANGE,2016-03-31,0.002396102228080288
CPICHANGE,2016-04-30,0.003314596829077754
CPICHANGE,2016-05-31,0.0026672026194694
CPICHANGE,2016-06-30,0.002935723114956712
CPICHANGE,2016-07-31,-7.078407941141229e-05
CPICHANGE,2016-08-31,0.0018821569852176534
CPICHANGE,2016-09-30,0.0018661524010605834
CPICHANGE,2016-10-31,0.0026550398048545976
CPICHANGE,2016-11-30,0.001398479877198655
CPICHANGE,2016-12-31,0.0030698800556958616
CPICHANGE,2017-01-31,0.004152043893035584
CPICHANGE,2017-02-28,0.00074247272130612
CPICHANGE,2017-03-31,-0.0008689913551757078
CPICHANGE,2017-04-30,0.0012389794419669364
CPICHANGE,2017-05-31,-0.00036467787470650936
CPICHANGE,2017-06-30,0.000901779785376311
CPICHANGE,2017-07-31,0.0008518236397441203
CPICHANGE,2017-08-31,0.0037112811489832254
CPICHANGE,2017-09-30,0.004569970280924762
CPICHANGE,2017-10-31,0.0006858265224130022
CPICHANGE,2017-11-30,0.0030212460510894434
CPICHANGE,2017-12-31,0.0023005514854528286
CPICHANGE,2018-01-31,0.003965292596641357
CPICHANGE,2018-02-28,0.0019486989923016562
CPICHANGE,2018-03-31,0.0005173056795351183
CPICHANGE,2018-04-30,0.0018356860576036471
CPICHANGE,2018-05-31,0.002760485845508809
CPICHANGE,2018-06-30,0.0019469690320212951
CPICHANGE,2018-07-31,0.0018436372613823693
CPICHANGE,2018-08-31,0.0011208400736097968
CPICHANGE,2018-09-30,0.000520090996073419
CPICHANGE,2018-10-31,0.0031109876592199104
CPICHANGE,2018-11-30,-0.00013449686305855302
CPICHANGE,2018-12-31,-0.0001463839215064544
CPICHANGE,2019-01-31,-0.0001978450714814617
CPICHANGE,2019-02-28,0.0017413811527151601
CPICHANGE,2019-03-31,0.0040890827417003894
CPICHANGE,2019-04-30,0.003187119316303999
CPICHANGE,2019-05-31,0.0007726762839370682
CPICHANGE,2019-06-30,0.0005878779565362535
CPICHANGE,2019-07-31,0.0033528524705743745
CPICHANGE,2019-08-31,0.0005426274881812354
CPICHANGE,2019-09-30,0.00022629730784240465
CPICHANGE,2019-10-31,0.003561425818581876
CPICHANGE,2019-11-30,0.002584823007645509
CPICHANGE,2019-12-31,0.0021904658519942277
