NONM1,1975-01-06,260.1
NONM1,1975-01-13,260.9
NONM1,1975-01-20,261.5
NONM1,1975-01-27,262.4
NONM1,1975-02-03,261.7
NONM1,1975-02-10,262.8
NONM1,1975-02-17,264.0
NONM1,1975-02-24,265.6
NONM1,1975-03-03,266.3
NONM1,1975-03-10,267.3
NONM1,1975-03-17,268.5
NONM1,1975-03-24,269.4
NONM1,1975-03-31,270.9
NONM1,1975-04-07,271.5
NONM1,1975-04-14,273.1
NONM1,1975-04-21,274.4
NONM1,1975-04-28,275.4
NONM1,1975-05-05,275.8
NONM1,1975-05-12,276.6
NONM1,1975-05-19,277.2
NONM1,1975-05-26,278.5
NONM1,1975-06-02,279.6
NONM1,1975-06-09,280.8
NONM1,1975-06-16,282.6
NONM1,1975-06-23,284.5
NONM1,1975-06-30,286.0
NONM1,1975-07-07,286.5
NONM1,1975-07-14,287.6
NONM1,1975-07-21,288.5
NONM1,1975-07-28,289.3
NONM1,1975-08-04,289.7
NONM1,1975-08-11,290.1
NONM1,1975-08-18,290.4
NONM1,1975-08-25,291.1
NONM1,1975-09-01,292.4
NONM1,1975-09-08,292.6
NONM1,1975-09-15,292.8
NONM1,1975-09-22,293.3
NONM1,1975-09-29,294.4
NONM1,1975-10-06,294.2
NONM1,1975-10-13,295.1
NONM1,1975-10-20,296.1
NONM1,1975-10-27,296.8
NONM1,1975-11-03,296.8
NONM1,1975-11-10,297.7
NONM1,1975-11-17,298.7
NONM1,1975-11-24,300.0
NONM1,1975-12-01,300.8
NONM1,1975-12-08,302.2
NONM1,1975-12-15,303.2
NONM1,1975-12-22,304.2
NONM1,1975-12-29,305.0
NONM1,1976-01-05,304.2
NONM1,1976-01-12,306.1
NONM1,1976-01-19,307.6
NONM1,1976-01-26,309.6
NONM1,1976-02-02,311.0
NONM1,1976-02-09,312.4
NONM1,1976-02-16,313.7
NONM1,1976-02-23,314.4
NONM1,1976-03-01,314.8
NONM1,1976-03-08,314.9
NONM1,1976-03-15,315.8
NONM1,1976-03-22,316.1
NONM1,1976-03-29,316.7
NONM1,1976-04-05,316.6
NONM1,1976-04-12,318.0
NONM1,1976-04-19,319.1
NONM1,1976-04-26,321.0
NONM1,1976-05-03,322.0
NONM1,1976-05-10,323.0
NONM1,1976-05-17,324.0
NONM1,1976-05-24,324.7
NONM1,1976-05-31,324.9
NONM1,1976-06-07,324.6
NONM1,1976-06-14,324.7
NONM1,1976-06-21,325.1
NONM1,1976-06-28,325.8
NONM1,1976-07-05,325.6
NONM1,1976-07-12,327.1
NONM1,1976-07-19,328.4
NONM1,1976-07-26,329.7
NONM1,1976-08-02,330.7
NONM1,1976-08-09,331.5
NONM1,1976-08-16,332.8
NONM1,1976-08-23,334.1
NONM1,1976-08-30,336.2
NONM1,1976-09-06,337.4
NONM1,1976-09-13,338.8
NONM1,1976-09-20,340.0
NONM1,1976-09-27,341.6
NONM1,1976-10-04,342.2
NONM1,1976-10-11,343.6
NONM1,1976-10-18,345.4
NONM1,1976-10-25,347.9
NONM1,1976-11-01,349.3
NONM1,1976-11-08,350.2
NONM1,1976-11-15,350.9
NONM1,1976-11-22,352.2
NONM1,1976-11-29,353.5
NONM1,1976-12-06,354.8
NONM1,1976-12-13,356.6
NONM1,1976-12-20,358.0
NONM1,1976-12-27,358.3
NONM1,1977-01-03,359.1
NONM1,1977-01-10,360.4
NONM1,1977-01-17,361.8
NONM1,1977-01-24,363.6
NONM1,1977-01-31,364.2
NONM1,1977-02-07,364.4
NONM1,1977-02-14,365.2
NONM1,1977-02-21,366.1
NONM1,1977-02-28,367.2
NONM1,1977-03-07,368.0
NONM1,1977-03-14,369.2
NONM1,1977-03-21,370.2
NONM1,1977-03-28,371.3
NONM1,1977-04-04,371.9
NONM1,1977-04-11,372.4
NONM1,1977-04-18,373.3
NONM1,1977-04-25,374.4
NONM1,1977-05-02,374.8
NONM1,1977-05-09,375.6
NONM1,1977-05-16,376.1
NONM1,1977-05-23,376.5
NONM1,1977-05-30,377.1
NONM1,1977-06-06,377.3
NONM1,1977-06-13,377.7
NONM1,1977-06-20,378.4
NONM1,1977-06-27,379.0
NONM1,1977-07-04,379.1
NONM1,1977-07-11,379.6
NONM1,1977-07-18,380.2
NONM1,1977-07-25,380.9
NONM1,1977-08-01,381.5
NONM1,1977-08-08,381.3
NONM1,1977-08-15,381.8
NONM1,1977-08-22,382.0
NONM1,1977-08-29,382.5
NONM1,1977-09-05,382.5
NONM1,1977-09-12,382.8
NONM1,1977-09-19,382.6
NONM1,1977-09-26,383.5
NONM1,1977-10-03,383.5
NONM1,1977-10-10,383.4
NONM1,1977-10-17,383.7
NONM1,1977-10-24,384.2
NONM1,1977-10-31,384.1
NONM1,1977-11-07,383.9
NONM1,1977-11-14,384.6
NONM1,1977-11-21,385.2
NONM1,1977-11-28,385.6
NONM1,1977-12-05,385.6
NONM1,1977-12-12,385.9
NONM1,1977-12-19,385.6
NONM1,1977-12-26,386.7
NONM1,1978-01-02,387.6
NONM1,1978-01-09,387.4
NONM1,1978-01-16,388.0
NONM1,1978-01-23,388.3
NONM1,1978-01-30,388.7
NONM1,1978-02-06,388.5
NONM1,1978-02-13,388.9
NONM1,1978-02-20,389.7
NONM1,1978-02-27,390.2
NONM1,1978-03-06,390.3
NONM1,1978-03-13,390.5
NONM1,1978-03-20,390.9
NONM1,1978-03-27,391.0
NONM1,1978-04-03,391.3
NONM1,1978-04-10,391.1
NONM1,1978-04-17,391.9
NONM1,1978-04-24,392.4
NONM1,1978-05-01,392.2
NONM1,1978-05-08,392.3
NONM1,1978-05-15,392.9
NONM1,1978-05-22,393.3
NONM1,1978-05-29,394.3
NONM1,1978-06-05,394.2
NONM1,1978-06-12,394.2
NONM1,1978-06-19,394.5
NONM1,1978-06-26,395.7
NONM1,1978-07-03,396.3
NONM1,1978-07-10,395.1
NONM1,1978-07-17,395.1
NONM1,1978-07-24,395.4
NONM1,1978-07-31,396.2
NONM1,1978-08-07,395.8
NONM1,1978-08-14,396.7
NONM1,1978-08-21,396.6
NONM1,1978-08-28,397.6
NONM1,1978-09-04,399.0
NONM1,1978-09-11,398.9
NONM1,1978-09-18,399.7
NONM1,1978-09-25,401.0
NONM1,1978-10-02,402.2
NONM1,1978-10-09,402.5
NONM1,1978-10-16,401.6
NONM1,1978-10-23,401.3
NONM1,1978-10-30,401.8
NONM1,1978-11-06,401.3
NONM1,1978-11-13,401.8
NONM1,1978-11-20,400.5
NONM1,1978-11-27,402.1
NONM1,1978-12-04,402.1
NONM1,1978-12-11,400.6
NONM1,1978-12-18,400.4
NONM1,1978-12-25,401.7
NONM1,1979-01-01,403.9
NONM1,1979-01-08,402.4
NONM1,1979-01-15,401.8
NONM1,1979-01-22,401.7
NONM1,1979-01-29,401.9
NONM1,1979-02-05,401.4
NONM1,1979-02-12,401.8
NONM1,1979-02-19,401.9
NONM1,1979-02-26,402.0
NONM1,1979-03-05,401.8
NONM1,1979-03-12,402.3
NONM1,1979-03-19,402.7
NONM1,1979-03-26,403.6
NONM1,1979-04-02,404.3
NONM1,1979-04-09,405.2
NONM1,1979-04-16,405.9
NONM1,1979-04-23,407.0
NONM1,1979-04-30,407.2
NONM1,1979-05-07,407.7
NONM1,1979-05-14,408.0
NONM1,1979-05-21,408.9
NONM1,1979-05-28,410.0
NONM1,1979-06-04,411.1
NONM1,1979-06-11,412.1
NONM1,1979-06-18,413.2
NONM1,1979-06-25,414.1
NONM1,1979-07-02,413.9
NONM1,1979-07-09,414.9
NONM1,1979-07-16,416.1
NONM1,1979-07-23,417.3
NONM1,1979-07-30,418.3
NONM1,1979-08-06,419.0
NONM1,1979-08-13,419.6
NONM1,1979-08-20,421.0
NONM1,1979-08-27,422.0
NONM1,1979-09-03,422.0
NONM1,1979-09-10,422.9
NONM1,1979-09-17,423.0
NONM1,1979-09-24,423.6
NONM1,1979-10-01,424.2
NONM1,1979-10-08,424.6
NONM1,1979-10-15,424.6
NONM1,1979-10-22,425.6
NONM1,1979-10-29,426.2
NONM1,1979-11-05,426.7
NONM1,1979-11-12,427.4
NONM1,1979-11-19,428.1
NONM1,1979-11-26,428.6
NONM1,1979-12-03,429.2
NONM1,1979-12-10,430.1
NONM1,1979-12-17,430.7
NONM1,1979-12-24,431.3
NONM1,1979-12-31,430.3
NONM1,1980-01-07,430.3
NONM1,1980-01-14,431.6
NONM1,1980-01-21,432.3
NONM1,1980-01-28,435.3
NONM1,1980-02-04,475.6
NONM1,1980-02-11,475.8
NONM1,1980-02-18,478.0
NONM1,1980-02-25,480.3
NONM1,1980-03-03,482.3
NONM1,1980-03-10,484.6
NONM1,1980-03-17,485.8
NONM1,1980-03-24,487.3
NONM1,1980-03-31,487.7
NONM1,1980-04-07,489.2
NONM1,1980-04-14,491.2
NONM1,1980-04-21,491.3
NONM1,1980-04-28,492.0
NONM1,1980-05-05,492.0
NONM1,1980-05-12,494.3
NONM1,1980-05-19,496.8
NONM1,1980-05-26,498.7
NONM1,1980-06-02,500.0
NONM1,1980-06-09,502.4
NONM1,1980-06-16,504.0
NONM1,1980-06-23,506.4
NONM1,1980-06-30,507.7
NONM1,1980-07-07,509.4
NONM1,1980-07-14,511.7
NONM1,1980-07-21,513.4
NONM1,1980-07-28,514.7
NONM1,1980-08-04,516.0
NONM1,1980-08-11,517.1
NONM1,1980-08-18,517.6
NONM1,1980-08-25,519.1
NONM1,1980-09-01,519.0
NONM1,1980-09-08,519.1
NONM1,1980-09-15,519.9
NONM1,1980-09-22,522.1
NONM1,1980-09-29,521.3
NONM1,1980-10-06,521.4
NONM1,1980-10-13,523.4
NONM1,1980-10-20,524.3
NONM1,1980-10-27,525.6
NONM1,1980-11-03,1182.2
NONM1,1980-11-10,1182.5
NONM1,1980-11-17,1185.0
NONM1,1980-11-24,1186.4
NONM1,1980-12-01,1185.6
NONM1,1980-12-08,1187.4
NONM1,1980-12-15,1188.8
NONM1,1980-12-22,1189.5
NONM1,1980-12-29,1191.3
NONM1,1981-01-05,1189.2
NONM1,1981-01-12,1190.8
NONM1,1981-01-19,1193.5
NONM1,1981-01-26,1195.6
NONM1,1981-02-02,1197.8
NONM1,1981-02-09,1200.4
NONM1,1981-02-16,1203.7
NONM1,1981-02-23,1206.7
NONM1,1981-03-02,1211.4
NONM1,1981-03-09,1213.1
NONM1,1981-03-16,1217.0
NONM1,1981-03-23,1221.6
NONM1,1981-03-30,1225.7
NONM1,1981-04-06,1228.3
NONM1,1981-04-13,1232.4
NONM1,1981-04-20,1233.7
NONM1,1981-04-27,1234.9
NONM1,1981-05-04,1236.3
NONM1,1981-05-11,1238.1
NONM1,1981-05-18,1239.1
NONM1,1981-05-25,1240.2
NONM1,1981-06-01,1241.5
NONM1,1981-06-08,1243.4
NONM1,1981-06-15,1244.4
NONM1,1981-06-22,1246.1
NONM1,1981-06-29,1246.7
NONM1,1981-07-06,1249.4
NONM1,1981-07-13,1251.8
NONM1,1981-07-20,1256.1
NONM1,1981-07-27,1259.7
NONM1,1981-08-03,1262.3
NONM1,1981-08-10,1265.0
NONM1,1981-08-17,1268.9
NONM1,1981-08-24,1271.8
NONM1,1981-08-31,1274.3
NONM1,1981-09-07,1276.7
NONM1,1981-09-14,1278.5
NONM1,1981-09-21,1280.1
NONM1,1981-09-28,1282.9
NONM1,1981-10-05,1287.0
NONM1,1981-10-12,1291.4
NONM1,1981-10-19,1294.0
NONM1,1981-10-26,1296.4
NONM1,1981-11-02,1299.3
NONM1,1981-11-09,1301.6
NONM1,1981-11-16,1304.9
NONM1,1981-11-23,1306.2
NONM1,1981-11-30,1310.0
NONM1,1981-12-07,1313.0
NONM1,1981-12-14,1316.4
NONM1,1981-12-21,1317.9
NONM1,1981-12-28,1317.1
NONM1,1982-01-04,1316.3
NONM1,1982-01-11,1319.1
NONM1,1982-01-18,1323.8
NONM1,1982-01-25,1326.8
NONM1,1982-02-01,1328.9
NONM1,1982-02-08,1330.1
NONM1,1982-02-15,1332.0
NONM1,1982-02-22,1333.7
NONM1,1982-03-01,1336.2
NONM1,1982-03-08,1339.4
NONM1,1982-03-15,1342.8
NONM1,1982-03-22,1346.9
NONM1,1982-03-29,1351.3
NONM1,1982-04-05,1354.8
NONM1,1982-04-12,1357.6
NONM1,1982-04-19,1358.2
NONM1,1982-04-26,1359.0
NONM1,1982-05-03,1360.3
NONM1,1982-05-10,1362.5
NONM1,1982-05-17,1366.2
NONM1,1982-05-24,1369.4
NONM1,1982-05-31,1373.6
NONM1,1982-06-07,1374.9
NONM1,1982-06-14,1376.8
NONM1,1982-06-21,1378.2
NONM1,1982-06-28,1379.7
NONM1,1982-07-05,1381.4
NONM1,1982-07-12,1379.8
NONM1,1982-07-19,1382.6
NONM1,1982-07-26,1385.8
NONM1,1982-08-02,1388.5
NONM1,1982-08-09,1391.5
NONM1,1982-08-16,1394.9
NONM1,1982-08-23,1397.5
NONM1,1982-08-30,1400.3
NONM1,1982-09-06,1401.4
NONM1,1982-09-13,1402.6
NONM1,1982-09-20,1403.0
NONM1,1982-09-27,1403.5
NONM1,1982-10-04,1403.9
NONM1,1982-10-11,1402.2
NONM1,1982-10-18,1405.4
NONM1,1982-10-25,1408.0
NONM1,1982-11-01,1410.0
NONM1,1982-11-08,1411.0
NONM1,1982-11-15,1412.8
NONM1,1982-11-22,1415.7
NONM1,1982-11-29,1417.0
NONM1,1982-12-06,1417.5
NONM1,1982-12-13,1415.2
NONM1,1982-12-20,1434.7
NONM1,1982-12-27,1443.6
NONM1,1983-01-03,1454.4
NONM1,1983-01-10,1467.8
NONM1,1983-01-17,1478.4
NONM1,1983-01-24,1486.9
NONM1,1983-01-31,1496.2
NONM1,1983-02-07,1504.2
NONM1,1983-02-14,1509.7
NONM1,1983-02-21,1514.4
NONM1,1983-02-28,1517.6
NONM1,1983-03-07,1520.2
NONM1,1983-03-14,1521.2
NONM1,1983-03-21,1524.2
NONM1,1983-03-28,1527.2
NONM1,1983-04-04,1529.6
NONM1,1983-04-11,1531.3
NONM1,1983-04-18,1533.4
NONM1,1983-04-25,1535.5
NONM1,1983-05-02,1540.3
NONM1,1983-05-09,1539.9
NONM1,1983-05-16,1540.1
NONM1,1983-05-23,1541.5
NONM1,1983-05-30,1543.8
NONM1,1983-06-06,1546.6
NONM1,1983-06-13,1548.3
NONM1,1983-06-20,1548.1
NONM1,1983-06-27,1550.6
NONM1,1983-07-04,1555.2
NONM1,1983-07-11,1556.9
NONM1,1983-07-18,1558.5
NONM1,1983-07-25,1560.2
NONM1,1983-08-01,1560.7
NONM1,1983-08-08,1560.6
NONM1,1983-08-15,1561.3
NONM1,1983-08-22,1561.9
NONM1,1983-08-29,1562.9
NONM1,1983-09-05,1564.9
NONM1,1983-09-12,1565.6
NONM1,1983-09-19,1566.9
NONM1,1983-09-26,1570.0
NONM1,1983-10-03,1573.1
NONM1,1983-10-10,1575.8
NONM1,1983-10-17,1577.7
NONM1,1983-10-24,1581.1
NONM1,1983-10-31,1584.6
NONM1,1983-11-07,1583.8
NONM1,1983-11-14,1585.1
NONM1,1983-11-21,1586.3
NONM1,1983-11-28,1589.2
NONM1,1983-12-05,1592.5
NONM1,1983-12-12,1596.1
NONM1,1983-12-19,1598.9
NONM1,1983-12-26,1602.0
NONM1,1984-01-02,1605.5
NONM1,1984-01-09,1608.0
NONM1,1984-01-16,1611.5
NONM1,1984-01-23,1615.0
NONM1,1984-01-30,1616.6
NONM1,1984-02-06,1625.5
NONM1,1984-02-13,1637.5
NONM1,1984-02-20,1609.1
NONM1,1984-02-27,1601.8
NONM1,1984-03-05,1618.3
NONM1,1984-03-12,1636.7
NONM1,1984-03-19,1649.8
NONM1,1984-03-26,1657.5
NONM1,1984-04-02,1660.8
NONM1,1984-04-09,1658.0
NONM1,1984-04-16,1657.3
NONM1,1984-04-23,1659.3
NONM1,1984-04-30,1660.2
NONM1,1984-05-07,1663.6
NONM1,1984-05-14,1667.6
NONM1,1984-05-21,1670.8
NONM1,1984-05-28,1673.1
NONM1,1984-06-04,1674.5
NONM1,1984-06-11,1676.6
NONM1,1984-06-18,1678.7
NONM1,1984-06-25,1680.6
NONM1,1984-07-02,1683.4
NONM1,1984-07-09,1684.6
NONM1,1984-07-16,1686.6
NONM1,1984-07-23,1688.4
NONM1,1984-07-30,1689.6
NONM1,1984-08-06,1690.1
NONM1,1984-08-13,1689.3
NONM1,1984-08-20,1690.8
NONM1,1984-08-27,1692.8
NONM1,1984-09-03,1694.7
NONM1,1984-09-10,1697.7
NONM1,1984-09-17,1701.2
NONM1,1984-09-24,1704.0
NONM1,1984-10-01,1708.6
NONM1,1984-10-08,1710.9
NONM1,1984-10-15,1713.5
NONM1,1984-10-22,1716.7
NONM1,1984-10-29,1720.1
NONM1,1984-11-05,1724.4
NONM1,1984-11-12,1729.1
NONM1,1984-11-19,1733.4
NONM1,1984-11-26,1737.1
NONM1,1984-12-03,1742.5
NONM1,1984-12-10,1747.6
NONM1,1984-12-17,1752.8
NONM1,1984-12-24,1757.4
NONM1,1984-12-31,1760.9
NONM1,1985-01-07,1768.9
NONM1,1985-01-14,1776.2
NONM1,1985-01-21,1779.8
NONM1,1985-01-28,1782.5
NONM1,1985-02-04,1782.6
NONM1,1985-02-11,1783.4
NONM1,1985-02-18,1785.8
NONM1,1985-02-25,1787.3
NONM1,1985-03-04,1791.6
NONM1,1985-03-11,1793.5
NONM1,1985-03-18,1795.7
NONM1,1985-03-25,1798.7
NONM1,1985-04-01,1801.6
NONM1,1985-04-08,1800.7
NONM1,1985-04-15,1800.3
NONM1,1985-04-22,1803.4
NONM1,1985-04-29,1804.1
NONM1,1985-05-06,1805.7
NONM1,1985-05-13,1807.5
NONM1,1985-05-20,1810.4
NONM1,1985-05-27,1813.3
NONM1,1985-06-03,1817.3
NONM1,1985-06-10,1822.9
NONM1,1985-06-17,1828.1
NONM1,1985-06-24,1834.4
NONM1,1985-07-01,1838.0
NONM1,1985-07-08,1837.2
NONM1,1985-07-15,1838.7
NONM1,1985-07-22,1840.0
NONM1,1985-07-29,1840.9
NONM1,1985-08-05,1841.8
NONM1,1985-08-12,1842.5
NONM1,1985-08-19,1843.1
NONM1,1985-08-26,1843.8
NONM1,1985-09-02,1843.7
NONM1,1985-09-09,1843.3
NONM1,1985-09-16,1845.5
NONM1,1985-09-23,1848.2
NONM1,1985-09-30,1851.8
NONM1,1985-10-07,1854.6
NONM1,1985-10-14,1855.7
NONM1,1985-10-21,1857.6
NONM1,1985-10-28,1858.9
NONM1,1985-11-04,1859.9
NONM1,1985-11-11,1860.9
NONM1,1985-11-18,1862.6
NONM1,1985-11-25,1864.7
NONM1,1985-12-02,1866.4
NONM1,1985-12-09,1868.7
NONM1,1985-12-16,1870.1
NONM1,1985-12-23,1872.7
NONM1,1985-12-30,1874.4
NONM1,1986-01-06,1879.2
NONM1,1986-01-13,1879.5
NONM1,1986-01-20,1882.8
NONM1,1986-01-27,1885.8
NONM1,1986-02-03,1885.5
NONM1,1986-02-10,1886.5
NONM1,1986-02-17,1888.3
NONM1,1986-02-24,1890.0
NONM1,1986-03-03,1893.5
NONM1,1986-03-10,1897.1
NONM1,1986-03-17,1901.8
NONM1,1986-03-24,1905.8
NONM1,1986-03-31,1911.7
NONM1,1986-04-07,1914.0
NONM1,1986-04-14,1917.3
NONM1,1986-04-21,1921.8
NONM1,1986-04-28,1925.6
NONM1,1986-05-05,1927.6
NONM1,1986-05-12,1930.1
NONM1,1986-05-19,1933.0
NONM1,1986-05-26,1936.9
NONM1,1986-06-02,1939.3
NONM1,1986-06-09,1943.6
NONM1,1986-06-16,1948.7
NONM1,1986-06-23,1954.4
NONM1,1986-06-30,1956.0
NONM1,1986-07-07,1958.3
NONM1,1986-07-14,1959.3
NONM1,1986-07-21,1963.6
NONM1,1986-07-28,1966.4
NONM1,1986-08-04,1969.3
NONM1,1986-08-11,1971.8
NONM1,1986-08-18,1973.0
NONM1,1986-08-25,1974.0
NONM1,1986-09-01,1975.5
NONM1,1986-09-08,1978.0
NONM1,1986-09-15,1980.5
NONM1,1986-09-22,1986.5
NONM1,1986-09-29,1989.7
NONM1,1986-10-06,1991.9
NONM1,1986-10-13,1992.7
NONM1,1986-10-20,1993.7
NONM1,1986-10-27,1995.4
NONM1,1986-11-03,1996.0
NONM1,1986-11-10,1995.5
NONM1,1986-11-17,1998.1
NONM1,1986-11-24,1999.2
NONM1,1986-12-01,1999.7
NONM1,1986-12-08,1998.4
NONM1,1986-12-15,2000.5
NONM1,1986-12-22,2004.1
NONM1,1986-12-29,2008.8
NONM1,1987-01-05,2015.8
NONM1,1987-01-12,2017.1
NONM1,1987-01-19,2016.6
NONM1,1987-01-26,2016.8
NONM1,1987-02-02,2012.9
NONM1,1987-02-09,2011.2
NONM1,1987-02-16,2011.3
NONM1,1987-02-23,2010.9
NONM1,1987-03-02,2012.9
NONM1,1987-03-09,2016.0
NONM1,1987-03-16,2018.1
NONM1,1987-03-23,2018.4
NONM1,1987-03-30,2019.9
NONM1,1987-04-06,2020.5
NONM1,1987-04-13,2020.9
NONM1,1987-04-20,2022.2
NONM1,1987-04-27,2023.6
NONM1,1987-05-04,2023.2
NONM1,1987-05-11,2019.7
NONM1,1987-05-18,2020.1
NONM1,1987-05-25,2021.8
NONM1,1987-06-01,2025.1
NONM1,1987-06-08,2027.8
NONM1,1987-06-15,2027.6
NONM1,1987-06-22,2029.0
NONM1,1987-06-29,2030.4
NONM1,1987-07-06,2033.4
NONM1,1987-07-13,2032.8
NONM1,1987-07-20,2034.7
NONM1,1987-07-27,2036.6
NONM1,1987-08-03,2037.7
NONM1,1987-08-10,2038.9
NONM1,1987-08-17,2039.1
NONM1,1987-08-24,2038.9
NONM1,1987-08-31,2038.9
NONM1,1987-09-07,2041.0
NONM1,1987-09-14,2044.1
NONM1,1987-09-21,2046.3
NONM1,1987-09-28,2047.6
NONM1,1987-10-05,2050.6
NONM1,1987-10-12,2051.9
NONM1,1987-10-19,2054.4
NONM1,1987-10-26,2061.9
NONM1,1987-11-02,2060.8
NONM1,1987-11-09,2060.5
NONM1,1987-11-16,2063.3
NONM1,1987-11-23,2065.1
NONM1,1987-11-30,2066.8
NONM1,1987-12-07,2070.3
NONM1,1987-12-14,2073.7
NONM1,1987-12-21,2076.8
NONM1,1987-12-28,2078.1
NONM1,1988-01-04,2078.9
NONM1,1988-01-11,2082.8
NONM1,1988-01-18,2091.1
NONM1,1988-01-25,2095.8
NONM1,1988-02-01,2102.9
NONM1,1988-02-08,2105.7
NONM1,1988-02-15,2110.5
NONM1,1988-02-22,2115.2
NONM1,1988-02-29,2118.6
NONM1,1988-03-07,2124.3
NONM1,1988-03-14,2128.9
NONM1,1988-03-21,2134.4
NONM1,1988-03-28,2137.7
NONM1,1988-04-04,2139.6
NONM1,1988-04-11,2143.6
NONM1,1988-04-18,2145.4
NONM1,1988-04-25,2147.8
NONM1,1988-05-02,2147.8
NONM1,1988-05-09,2148.4
NONM1,1988-05-16,2150.8
NONM1,1988-05-23,2154.5
NONM1,1988-05-30,2156.8
NONM1,1988-06-06,2158.8
NONM1,1988-06-13,2161.0
NONM1,1988-06-20,2164.2
NONM1,1988-06-27,2169.3
NONM1,1988-07-04,2169.8
NONM1,1988-07-11,2168.8
NONM1,1988-07-18,2172.1
NONM1,1988-07-25,2173.1
NONM1,1988-08-01,2174.4
NONM1,1988-08-08,2174.0
NONM1,1988-08-15,2175.0
NONM1,1988-08-22,2176.2
NONM1,1988-08-29,2176.2
NONM1,1988-09-05,2175.6
NONM1,1988-09-12,2175.9
NONM1,1988-09-19,2177.9
NONM1,1988-09-26,2179.6
NONM1,1988-10-03,2180.7
NONM1,1988-10-10,2182.2
NONM1,1988-10-17,2185.4
NONM1,1988-10-24,2186.0
NONM1,1988-10-31,2188.3
NONM1,1988-11-07,2195.8
NONM1,1988-11-14,2197.9
NONM1,1988-11-21,2200.8
NONM1,1988-11-28,2201.4
NONM1,1988-12-05,2199.6
NONM1,1988-12-12,2200.9
NONM1,1988-12-19,2202.8
NONM1,1988-12-26,2205.0
NONM1,1989-01-02,2206.8
NONM1,1989-01-09,2207.1
NONM1,1989-01-16,2208.5
NONM1,1989-01-23,2208.2
NONM1,1989-01-30,2206.0
NONM1,1989-02-06,2203.1
NONM1,1989-02-13,2201.8
NONM1,1989-02-20,2203.6
NONM1,1989-02-27,2205.3
NONM1,1989-03-06,2210.2
NONM1,1989-03-13,2213.2
NONM1,1989-03-20,2216.3
NONM1,1989-03-27,2219.7
NONM1,1989-04-03,2223.2
NONM1,1989-04-10,2225.0
NONM1,1989-04-17,2227.1
NONM1,1989-04-24,2226.6
NONM1,1989-05-01,2226.8
NONM1,1989-05-08,2226.7
NONM1,1989-05-15,2228.5
NONM1,1989-05-22,2232.3
NONM1,1989-05-29,2235.0
NONM1,1989-06-05,2239.8
NONM1,1989-06-12,2246.3
NONM1,1989-06-19,2251.2
NONM1,1989-06-26,2257.0
NONM1,1989-07-03,2262.6
NONM1,1989-07-10,2268.8
NONM1,1989-07-17,2272.6
NONM1,1989-07-24,2275.7
NONM1,1989-07-31,2279.4
NONM1,1989-08-07,2286.0
NONM1,1989-08-14,2289.3
NONM1,1989-08-21,2291.7
NONM1,1989-08-28,2295.4
NONM1,1989-09-04,2298.2
NONM1,1989-09-11,2300.7
NONM1,1989-09-18,2306.2
NONM1,1989-09-25,2309.6
NONM1,1989-10-02,2315.4
NONM1,1989-10-09,2320.1
NONM1,1989-10-16,2322.8
NONM1,1989-10-23,2329.2
NONM1,1989-10-30,2332.8
NONM1,1989-11-06,2339.5
NONM1,1989-11-13,2343.6
NONM1,1989-11-20,2344.9
NONM1,1989-11-27,2348.2
NONM1,1989-12-04,2353.1
NONM1,1989-12-11,2356.4
NONM1,1989-12-18,2359.6
NONM1,1989-12-25,2362.4
NONM1,1990-01-01,2362.8
NONM1,1990-01-08,2370.4
NONM1,1990-01-15,2367.9
NONM1,1990-01-22,2371.3
NONM1,1990-01-29,2373.8
NONM1,1990-02-05,2378.3
NONM1,1990-02-12,2380.8
NONM1,1990-02-19,2383.6
NONM1,1990-02-26,2385.4
NONM1,1990-03-05,2384.9
NONM1,1990-03-12,2387.7
NONM1,1990-03-19,2389.1
NONM1,1990-03-26,2391.8
NONM1,1990-04-02,2394.1
NONM1,1990-04-09,2393.7
NONM1,1990-04-16,2393.6
NONM1,1990-04-23,2395.7
NONM1,1990-04-30,2399.4
NONM1,1990-05-07,2396.1
NONM1,1990-05-14,2397.0
NONM1,1990-05-21,2395.3
NONM1,1990-05-28,2396.1
NONM1,1990-06-04,2398.8
NONM1,1990-06-11,2400.9
NONM1,1990-06-18,2406.4
NONM1,1990-06-25,2406.7
NONM1,1990-07-02,2410.6
NONM1,1990-07-09,2411.3
NONM1,1990-07-16,2413.8
NONM1,1990-07-23,2415.5
NONM1,1990-07-30,2417.5
NONM1,1990-08-06,2419.4
NONM1,1990-08-13,2424.2
NONM1,1990-08-20,2427.4
NONM1,1990-08-27,2430.4
NONM1,1990-09-03,2431.7
NONM1,1990-09-10,2432.9
NONM1,1990-09-17,2433.5
NONM1,1990-09-24,2434.0
NONM1,1990-10-01,2439.2
NONM1,1990-10-08,2439.9
NONM1,1990-10-15,2438.7
NONM1,1990-10-22,2439.6
NONM1,1990-10-29,2439.9
NONM1,1990-11-05,2437.6
NONM1,1990-11-12,2439.4
NONM1,1990-11-19,2440.5
NONM1,1990-11-26,2442.7
NONM1,1990-12-03,2442.2
NONM1,1990-12-10,2444.3
NONM1,1990-12-17,2446.4
NONM1,1990-12-24,2448.0
NONM1,1990-12-31,2451.7
NONM1,1991-01-07,2453.5
NONM1,1991-01-14,2456.9
NONM1,1991-01-21,2462.8
NONM1,1991-01-28,2466.0
NONM1,1991-02-04,2467.9
NONM1,1991-02-11,2470.2
NONM1,1991-02-18,2470.6
NONM1,1991-02-25,2474.7
NONM1,1991-03-04,2477.6
NONM1,1991-03-11,2479.5
NONM1,1991-03-18,2483.3
NONM1,1991-03-25,2486.9
NONM1,1991-04-01,2486.7
NONM1,1991-04-08,2488.0
NONM1,1991-04-15,2489.6
NONM1,1991-04-22,2489.3
NONM1,1991-04-29,2490.4
NONM1,1991-05-06,2491.1
NONM1,1991-05-13,2494.6
NONM1,1991-05-20,2494.9
NONM1,1991-05-27,2495.9
NONM1,1991-06-03,2494.0
NONM1,1991-06-10,2495.5
NONM1,1991-06-17,2495.3
NONM1,1991-06-24,2494.9
NONM1,1991-07-01,2495.9
NONM1,1991-07-08,2495.7
NONM1,1991-07-15,2495.6
NONM1,1991-07-22,2495.7
NONM1,1991-07-29,2492.6
NONM1,1991-08-05,2488.2
NONM1,1991-08-12,2489.3
NONM1,1991-08-19,2488.4
NONM1,1991-08-26,2489.4
NONM1,1991-09-02,2485.2
NONM1,1991-09-09,2486.0
NONM1,1991-09-16,2485.6
NONM1,1991-09-23,2485.0
NONM1,1991-09-30,2482.0
NONM1,1991-10-07,2482.1
NONM1,1991-10-14,2482.7
NONM1,1991-10-21,2482.8
NONM1,1991-10-28,2482.4
NONM1,1991-11-04,2478.0
NONM1,1991-11-11,2479.4
NONM1,1991-11-18,2478.4
NONM1,1991-11-25,2479.1
NONM1,1991-12-02,2473.2
NONM1,1991-12-09,2477.7
NONM1,1991-12-16,2481.9
NONM1,1991-12-23,2473.5
NONM1,1991-12-30,2470.1
NONM1,1992-01-06,2463.8
NONM1,1992-01-13,2468.2
NONM1,1992-01-20,2472.4
NONM1,1992-01-27,2475.3
NONM1,1992-02-03,2475.2
NONM1,1992-02-10,2475.3
NONM1,1992-02-17,2475.4
NONM1,1992-02-24,2473.8
NONM1,1992-03-02,2474.2
NONM1,1992-03-09,2471.5
NONM1,1992-03-16,2469.0
NONM1,1992-03-23,2466.1
NONM1,1992-03-30,2461.4
NONM1,1992-04-06,2459.3
NONM1,1992-04-13,2460.3
NONM1,1992-04-20,2452.0
NONM1,1992-04-27,2453.8
NONM1,1992-05-04,2452.8
NONM1,1992-05-11,2451.6
NONM1,1992-05-18,2448.5
NONM1,1992-05-25,2444.7
NONM1,1992-06-01,2444.0
NONM1,1992-06-08,2442.5
NONM1,1992-06-15,2441.0
NONM1,1992-06-22,2439.5
NONM1,1992-06-29,2433.9
NONM1,1992-07-06,2431.6
NONM1,1992-07-13,2433.3
NONM1,1992-07-20,2430.2
NONM1,1992-07-27,2429.7
NONM1,1992-08-03,2426.3
NONM1,1992-08-10,2424.1
NONM1,1992-08-17,2424.2
NONM1,1992-08-24,2424.5
NONM1,1992-08-31,2426.8
NONM1,1992-09-07,2423.7
NONM1,1992-09-14,2423.1
NONM1,1992-09-21,2422.3
NONM1,1992-09-28,2422.1
NONM1,1992-10-05,2416.0
NONM1,1992-10-12,2423.5
NONM1,1992-10-19,2420.4
NONM1,1992-10-26,2420.0
NONM1,1992-11-02,2419.2
NONM1,1992-11-09,2415.8
NONM1,1992-11-16,2411.3
NONM1,1992-11-23,2407.1
NONM1,1992-11-30,2406.5
NONM1,1992-12-07,2406.3
NONM1,1992-12-14,2402.6
NONM1,1992-12-21,2398.8
NONM1,1992-12-28,2394.7
NONM1,1993-01-04,2390.9
NONM1,1993-01-11,2391.1
NONM1,1993-01-18,2387.2
NONM1,1993-01-25,2384.6
NONM1,1993-02-01,2383.5
NONM1,1993-02-08,2380.1
NONM1,1993-02-15,2380.5
NONM1,1993-02-22,2381.0
NONM1,1993-03-01,2378.8
NONM1,1993-03-08,2376.2
NONM1,1993-03-15,2374.3
NONM1,1993-03-22,2371.0
NONM1,1993-03-29,2369.3
NONM1,1993-04-05,2363.6
NONM1,1993-04-12,2364.2
NONM1,1993-04-19,2359.6
NONM1,1993-04-26,2363.9
NONM1,1993-05-03,2369.2
NONM1,1993-05-10,2373.3
NONM1,1993-05-17,2371.2
NONM1,1993-05-24,2370.8
NONM1,1993-05-31,2372.6
NONM1,1993-06-07,2373.4
NONM1,1993-06-14,2372.0
NONM1,1993-06-21,2365.9
NONM1,1993-06-28,2360.6
NONM1,1993-07-05,2356.8
NONM1,1993-07-12,2360.5
NONM1,1993-07-19,2358.0
NONM1,1993-07-26,2355.8
NONM1,1993-08-02,2355.3
NONM1,1993-08-09,2354.4
NONM1,1993-08-16,2352.1
NONM1,1993-08-23,2350.8
NONM1,1993-08-30,2348.0
NONM1,1993-09-06,2347.0
NONM1,1993-09-13,2350.1
NONM1,1993-09-20,2346.8
NONM1,1993-09-27,2349.5
NONM1,1993-10-04,2345.0
NONM1,1993-10-11,2347.7
NONM1,1993-10-18,2340.8
NONM1,1993-10-25,2340.7
NONM1,1993-11-01,2344.6
NONM1,1993-11-08,2345.1
NONM1,1993-11-15,2346.4
NONM1,1993-11-22,2347.6
NONM1,1993-11-29,2344.8
NONM1,1993-12-06,2348.1
NONM1,1993-12-13,2348.4
NONM1,1993-12-20,2344.1
NONM1,1993-12-27,2342.7
NONM1,1994-01-03,2338.9
NONM1,1994-01-10,2342.8
NONM1,1994-01-17,2346.8
NONM1,1994-01-24,2344.7
NONM1,1994-01-31,2341.3
NONM1,1994-02-07,2340.1
NONM1,1994-02-14,2342.0
NONM1,1994-02-21,2338.1
NONM1,1994-02-28,2337.7
NONM1,1994-03-07,2339.7
NONM1,1994-03-14,2343.9
NONM1,1994-03-21,2342.7
NONM1,1994-03-28,2336.0
NONM1,1994-04-04,2334.7
NONM1,1994-04-11,2339.5
NONM1,1994-04-18,2337.1
NONM1,1994-04-25,2342.2
NONM1,1994-05-02,2347.1
NONM1,1994-05-09,2349.4
NONM1,1994-05-16,2347.8
NONM1,1994-05-23,2350.0
NONM1,1994-05-30,2344.5
NONM1,1994-06-06,2337.3
NONM1,1994-06-13,2334.5
NONM1,1994-06-20,2330.1
NONM1,1994-06-27,2335.4
NONM1,1994-07-04,2334.9
NONM1,1994-07-11,2335.6
NONM1,1994-07-18,2337.7
NONM1,1994-07-25,2338.9
NONM1,1994-08-01,2339.7
NONM1,1994-08-08,2335.9
NONM1,1994-08-15,2334.3
NONM1,1994-08-22,2337.2
NONM1,1994-08-29,2333.5
NONM1,1994-09-05,2331.2
NONM1,1994-09-12,2332.4
NONM1,1994-09-19,2335.0
NONM1,1994-09-26,2338.0
NONM1,1994-10-03,2332.9
NONM1,1994-10-10,2334.3
NONM1,1994-10-17,2332.8
NONM1,1994-10-24,2335.4
NONM1,1994-10-31,2334.6
NONM1,1994-11-07,2333.4
NONM1,1994-11-14,2334.2
NONM1,1994-11-21,2338.4
NONM1,1994-11-28,2338.7
NONM1,1994-12-05,2337.9
NONM1,1994-12-12,2334.3
NONM1,1994-12-19,2335.4
NONM1,1994-12-26,2336.8
NONM1,1995-01-02,2334.4
NONM1,1995-01-09,2335.4
NONM1,1995-01-16,2339.5
NONM1,1995-01-23,2344.8
NONM1,1995-01-30,2346.0
NONM1,1995-02-06,2341.9
NONM1,1995-02-13,2342.4
NONM1,1995-02-20,2341.6
NONM1,1995-02-27,2344.5
NONM1,1995-03-06,2339.4
NONM1,1995-03-13,2344.8
NONM1,1995-03-20,2345.2
NONM1,1995-03-27,2347.9
NONM1,1995-04-03,2343.7
NONM1,1995-04-10,2344.3
NONM1,1995-04-17,2346.5
NONM1,1995-04-24,2352.7
NONM1,1995-05-01,2360.3
NONM1,1995-05-08,2368.6
NONM1,1995-05-15,2372.1
NONM1,1995-05-22,2382.9
NONM1,1995-05-29,2390.0
NONM1,1995-06-05,2396.0
NONM1,1995-06-12,2403.5
NONM1,1995-06-19,2404.3
NONM1,1995-06-26,2408.5
NONM1,1995-07-03,2411.8
NONM1,1995-07-10,2413.6
NONM1,1995-07-17,2419.7
NONM1,1995-07-24,2427.6
NONM1,1995-07-31,2431.1
NONM1,1995-08-07,2436.4
NONM1,1995-08-14,2438.8
NONM1,1995-08-21,2445.5
NONM1,1995-08-28,2449.8
NONM1,1995-09-04,2452.6
NONM1,1995-09-11,2452.1
NONM1,1995-09-18,2458.9
NONM1,1995-09-25,2466.1
NONM1,1995-10-02,2471.0
NONM1,1995-10-09,2477.2
NONM1,1995-10-16,2473.8
NONM1,1995-10-23,2476.8
NONM1,1995-10-30,2477.7
NONM1,1995-11-06,2479.6
NONM1,1995-11-13,2482.8
NONM1,1995-11-20,2485.4
NONM1,1995-11-27,2490.3
NONM1,1995-12-04,2495.4
NONM1,1995-12-11,2496.8
NONM1,1995-12-18,2504.3
NONM1,1995-12-25,2505.2
NONM1,1996-01-01,2506.4
NONM1,1996-01-08,2516.8
NONM1,1996-01-15,2526.4
NONM1,1996-01-22,2526.7
NONM1,1996-01-29,2528.5
NONM1,1996-02-05,2530.3
NONM1,1996-02-12,2537.2
NONM1,1996-02-19,2544.9
NONM1,1996-02-26,2550.6
NONM1,1996-03-04,2558.7
NONM1,1996-03-11,2562.0
NONM1,1996-03-18,2567.1
NONM1,1996-03-25,2566.0
NONM1,1996-04-01,2566.7
NONM1,1996-04-08,2572.5
NONM1,1996-04-15,2575.1
NONM1,1996-04-22,2570.6
NONM1,1996-04-29,2573.3
NONM1,1996-05-06,2583.5
NONM1,1996-05-13,2593.5
NONM1,1996-05-20,2592.8
NONM1,1996-05-27,2597.5
NONM1,1996-06-03,2599.4
NONM1,1996-06-10,2606.8
NONM1,1996-06-17,2607.8
NONM1,1996-06-24,2607.9
NONM1,1996-07-01,2611.3
NONM1,1996-07-08,2621.1
NONM1,1996-07-15,2619.5
NONM1,1996-07-22,2627.1
NONM1,1996-07-29,2629.4
NONM1,1996-08-05,2636.1
NONM1,1996-08-12,2638.6
NONM1,1996-08-19,2644.9
NONM1,1996-08-26,2646.8
NONM1,1996-09-02,2645.5
NONM1,1996-09-09,2653.6
NONM1,1996-09-16,2655.7
NONM1,1996-09-23,2657.5
NONM1,1996-09-30,2666.5
NONM1,1996-10-07,2674.8
NONM1,1996-10-14,2676.2
NONM1,1996-10-21,2685.8
NONM1,1996-10-28,2698.3
NONM1,1996-11-04,2698.7
NONM1,1996-11-11,2699.1
NONM1,1996-11-18,2701.7
NONM1,1996-11-25,2713.9
NONM1,1996-12-02,2719.3
NONM1,1996-12-09,2719.4
NONM1,1996-12-16,2724.5
NONM1,1996-12-23,2733.2
NONM1,1996-12-30,2740.0
NONM1,1997-01-06,2740.6
NONM1,1997-01-13,2734.0
NONM1,1997-01-20,2743.1
NONM1,1997-01-27,2750.9
NONM1,1997-02-03,2750.9
NONM1,1997-02-10,2751.2
NONM1,1997-02-17,2758.9
NONM1,1997-02-24,2761.0
NONM1,1997-03-03,2764.9
NONM1,1997-03-10,2770.5
NONM1,1997-03-17,2775.4
NONM1,1997-03-24,2782.6
NONM1,1997-03-31,2792.1
NONM1,1997-04-07,2796.8
NONM1,1997-04-14,2801.2
NONM1,1997-04-21,2805.2
NONM1,1997-04-28,2809.5
NONM1,1997-05-05,2805.1
NONM1,1997-05-12,2807.2
NONM1,1997-05-19,2814.0
NONM1,1997-05-26,2826.9
NONM1,1997-06-02,2822.2
NONM1,1997-06-09,2826.9
NONM1,1997-06-16,2824.1
NONM1,1997-06-23,2832.1
NONM1,1997-06-30,2838.0
NONM1,1997-07-07,2846.8
NONM1,1997-07-14,2841.4
NONM1,1997-07-21,2847.9
NONM1,1997-07-28,2853.6
NONM1,1997-08-04,2856.5
NONM1,1997-08-11,2858.9
NONM1,1997-08-18,2870.8
NONM1,1997-08-25,2879.2
NONM1,1997-09-01,2891.1
NONM1,1997-09-08,2885.5
NONM1,1997-09-15,2894.5
NONM1,1997-09-22,2898.5
NONM1,1997-09-29,2905.0
NONM1,1997-10-06,2907.8
NONM1,1997-10-13,2911.2
NONM1,1997-10-20,2919.5
NONM1,1997-10-27,2925.1
NONM1,1997-11-03,2919.2
NONM1,1997-11-10,2925.7
NONM1,1997-11-17,2930.0
NONM1,1997-11-24,2940.4
NONM1,1997-12-01,2946.7
NONM1,1997-12-08,2946.5
NONM1,1997-12-15,2943.7
NONM1,1997-12-22,2950.4
NONM1,1997-12-29,2957.9
NONM1,1998-01-05,2963.9
NONM1,1998-01-12,2964.8
NONM1,1998-01-19,2971.9
NONM1,1998-01-26,2976.6
NONM1,1998-02-02,2983.4
NONM1,1998-02-09,2990.2
NONM1,1998-02-16,2998.6
NONM1,1998-02-23,3009.2
NONM1,1998-03-02,3014.7
NONM1,1998-03-09,3020.3
NONM1,1998-03-16,3025.3
NONM1,1998-03-23,3028.0
NONM1,1998-03-30,3037.0
NONM1,1998-04-06,3046.0
NONM1,1998-04-13,3050.7
NONM1,1998-04-20,3053.8
NONM1,1998-04-27,3059.7
NONM1,1998-05-04,3061.0
NONM1,1998-05-11,3064.1
NONM1,1998-05-18,3070.9
NONM1,1998-05-25,3083.2
NONM1,1998-06-01,3092.0
NONM1,1998-06-08,3092.6
NONM1,1998-06-15,3091.1
NONM1,1998-06-22,3100.7
NONM1,1998-06-29,3104.6
NONM1,1998-07-06,3114.4
NONM1,1998-07-13,3112.7
NONM1,1998-07-20,3119.4
NONM1,1998-07-27,3125.6
NONM1,1998-08-03,3120.6
NONM1,1998-08-10,3133.0
NONM1,1998-08-17,3140.4
NONM1,1998-08-24,3147.7
NONM1,1998-08-31,3158.9
NONM1,1998-09-07,3173.5
NONM1,1998-09-14,3173.6
NONM1,1998-09-21,3178.6
NONM1,1998-09-28,3181.0
NONM1,1998-10-05,3190.0
NONM1,1998-10-12,3201.6
NONM1,1998-10-19,3211.1
NONM1,1998-10-26,3224.5
NONM1,1998-11-02,3229.4
NONM1,1998-11-09,3239.0
NONM1,1998-11-16,3241.2
NONM1,1998-11-23,3244.5
NONM1,1998-11-30,3243.0
NONM1,1998-12-07,3263.9
NONM1,1998-12-14,3264.9
NONM1,1998-12-21,3269.7
NONM1,1998-12-28,3278.2
NONM1,1999-01-04,3277.0
NONM1,1999-01-11,3285.7
NONM1,1999-01-18,3297.0
NONM1,1999-01-25,3295.0
NONM1,1999-02-01,3310.5
NONM1,1999-02-08,3314.4
NONM1,1999-02-15,3318.0
NONM1,1999-02-22,3319.1
NONM1,1999-03-01,3323.2
NONM1,1999-03-08,3322.4
NONM1,1999-03-15,3319.6
NONM1,1999-03-22,3322.5
NONM1,1999-03-29,3331.5
NONM1,1999-04-05,3339.4
NONM1,1999-04-12,3340.2
NONM1,1999-04-19,3353.6
NONM1,1999-04-26,3363.8
NONM1,1999-05-03,3345.3
NONM1,1999-05-10,3361.8
NONM1,1999-05-17,3368.8
NONM1,1999-05-24,3377.5
NONM1,1999-05-31,3388.7
NONM1,1999-06-07,3391.8
NONM1,1999-06-14,3390.9
NONM1,1999-06-21,3397.8
NONM1,1999-06-28,3403.2
NONM1,1999-07-05,3414.1
NONM1,1999-07-12,3416.1
NONM1,1999-07-19,3426.1
NONM1,1999-07-26,3435.5
NONM1,1999-08-02,3432.5
NONM1,1999-08-09,3430.0
NONM1,1999-08-16,3438.6
NONM1,1999-08-23,3443.9
NONM1,1999-08-30,3456.8
NONM1,1999-09-06,3457.8
NONM1,1999-09-13,3453.3
NONM1,1999-09-20,3460.5
NONM1,1999-09-27,3468.2
NONM1,1999-10-04,3467.4
NONM1,1999-10-11,3468.0
NONM1,1999-10-18,3474.4
NONM1,1999-10-25,3482.7
NONM1,1999-11-01,3493.9
NONM1,1999-11-08,3483.3
NONM1,1999-11-15,3483.1
NONM1,1999-11-22,3490.9
NONM1,1999-11-29,3496.3
NONM1,1999-12-06,3502.8
NONM1,1999-12-13,3495.9
NONM1,1999-12-20,3507.6
NONM1,1999-12-27,3511.6
NONM1,2000-01-03,3514.5
NONM1,2000-01-10,3524.1
NONM1,2000-01-17,3534.7
NONM1,2000-01-24,3544.7
NONM1,2000-01-31,3558.8
NONM1,2000-02-07,3559.9
NONM1,2000-02-14,3555.1
NONM1,2000-02-21,3560.3
NONM1,2000-02-28,3564.6
NONM1,2000-03-06,3571.2
NONM1,2000-03-13,3580.4
NONM1,2000-03-20,3597.6
NONM1,2000-03-27,3606.8
NONM1,2000-04-03,3610.2
NONM1,2000-04-10,3630.0
NONM1,2000-04-17,3642.5
NONM1,2000-04-24,3652.2
NONM1,2000-05-01,3649.7
NONM1,2000-05-08,3627.7
NONM1,2000-05-15,3628.7
NONM1,2000-05-22,3639.7
NONM1,2000-05-29,3649.5
NONM1,2000-06-05,3657.1
NONM1,2000-06-12,3657.6
NONM1,2000-06-19,3657.2
NONM1,2000-06-26,3661.7
NONM1,2000-07-03,3657.2
NONM1,2000-07-10,3662.2
NONM1,2000-07-17,3672.6
NONM1,2000-07-24,3682.9
NONM1,2000-07-31,3690.0
NONM1,2000-08-07,3696.4
NONM1,2000-08-14,3694.6
NONM1,2000-08-21,3708.9
NONM1,2000-08-28,3715.5
NONM1,2000-09-04,3730.5
NONM1,2000-09-11,3732.2
NONM1,2000-09-18,3745.0
NONM1,2000-09-25,3747.4
NONM1,2000-10-02,3756.3
NONM1,2000-10-09,3759.2
NONM1,2000-10-16,3759.4
NONM1,2000-10-23,3759.5
NONM1,2000-10-30,3759.6
NONM1,2000-11-06,3767.6
NONM1,2000-11-13,3771.0
NONM1,2000-11-20,3771.6
NONM1,2000-11-27,3784.0
NONM1,2000-12-04,3801.8
NONM1,2000-12-11,3802.1
NONM1,2000-12-18,3823.8
NONM1,2000-12-25,3833.5
NONM1,2001-01-01,3859.2
NONM1,2001-01-08,3859.3
NONM1,2001-01-15,3868.6
NONM1,2001-01-22,3869.8
NONM1,2001-01-29,3869.2
NONM1,2001-02-05,3884.3
NONM1,2001-02-12,3892.9
NONM1,2001-02-19,3901.4
NONM1,2001-02-26,3913.3
NONM1,2001-03-05,3931.4
NONM1,2001-03-12,3938.4
NONM1,2001-03-19,3944.5
NONM1,2001-03-26,3965.7
NONM1,2001-04-02,3980.2
NONM1,2001-04-09,4001.0
NONM1,2001-04-16,4014.0
NONM1,2001-04-23,4019.7
NONM1,2001-04-30,4004.2
NONM1,2001-05-07,4000.4
NONM1,2001-05-14,3995.7
NONM1,2001-05-21,4001.8
NONM1,2001-05-28,4002.2
NONM1,2001-06-04,4024.9
NONM1,2001-06-11,4028.2
NONM1,2001-06-18,4038.3
NONM1,2001-06-25,4037.4
NONM1,2001-07-02,4045.4
NONM1,2001-07-09,4045.5
NONM1,2001-07-16,4050.7
NONM1,2001-07-23,4051.7
NONM1,2001-07-30,4061.8
NONM1,2001-08-06,4067.6
NONM1,2001-08-13,4071.5
NONM1,2001-08-20,4076.0
NONM1,2001-08-27,4082.3
NONM1,2001-09-03,4078.0
NONM1,2001-09-10,4098.5
NONM1,2001-09-17,4144.1
NONM1,2001-09-24,4148.2
NONM1,2001-10-01,4158.1
NONM1,2001-10-08,4153.5
NONM1,2001-10-15,4153.1
NONM1,2001-10-22,4154.9
NONM1,2001-10-29,4168.2
NONM1,2001-11-05,4185.5
NONM1,2001-11-12,4187.2
NONM1,2001-11-19,4194.5
NONM1,2001-11-26,4211.2
NONM1,2001-12-03,4212.1
NONM1,2001-12-10,4226.9
NONM1,2001-12-17,4247.0
NONM1,2001-12-24,4237.2
NONM1,2001-12-31,4253.9
NONM1,2002-01-07,4245.9
NONM1,2002-01-14,4243.3
NONM1,2002-01-21,4244.9
NONM1,2002-01-28,4262.5
NONM1,2002-02-04,4271.6
NONM1,2002-02-11,4276.4
NONM1,2002-02-18,4277.3
NONM1,2002-02-25,4288.9
NONM1,2002-03-04,4292.8
NONM1,2002-03-11,4285.7
NONM1,2002-03-18,4286.7
NONM1,2002-03-25,4284.2
NONM1,2002-04-01,4304.4
NONM1,2002-04-08,4290.9
NONM1,2002-04-15,4300.4
NONM1,2002-04-22,4295.1
NONM1,2002-04-29,4296.3
NONM1,2002-05-06,4315.1
NONM1,2002-05-13,4319.1
NONM1,2002-05-20,4327.0
NONM1,2002-05-27,4327.1
NONM1,2002-06-03,4305.6
NONM1,2002-06-10,4331.1
NONM1,2002-06-17,4344.9
NONM1,2002-06-24,4346.1
NONM1,2002-07-01,4360.1
NONM1,2002-07-08,4355.3
NONM1,2002-07-15,4366.4
NONM1,2002-07-22,4379.2
NONM1,2002-07-29,4398.2
NONM1,2002-08-05,4428.6
NONM1,2002-08-12,4434.3
NONM1,2002-08-19,4435.6
NONM1,2002-08-26,4434.2
NONM1,2002-09-02,4425.9
NONM1,2002-09-09,4447.1
NONM1,2002-09-16,4452.5
NONM1,2002-09-23,4448.3
NONM1,2002-09-30,4448.9
NONM1,2002-10-07,4474.0
NONM1,2002-10-14,4470.1
NONM1,2002-10-21,4485.6
NONM1,2002-10-28,4494.2
NONM1,2002-11-04,4515.7
NONM1,2002-11-11,4523.5
NONM1,2002-11-18,4537.9
NONM1,2002-11-25,4531.3
NONM1,2002-12-02,4530.4
NONM1,2002-12-09,4532.3
NONM1,2002-12-16,4546.9
NONM1,2002-12-23,4536.8
NONM1,2002-12-30,4542.1
NONM1,2003-01-06,4557.3
NONM1,2003-01-13,4561.5
NONM1,2003-01-20,4567.8
NONM1,2003-01-27,4576.9
NONM1,2003-02-03,4557.0
NONM1,2003-02-10,4591.6
NONM1,2003-02-17,4605.9
NONM1,2003-02-24,4591.7
NONM1,2003-03-03,4583.2
NONM1,2003-03-10,4602.0
NONM1,2003-03-17,4619.8
NONM1,2003-03-24,4611.7
NONM1,2003-03-31,4617.6
NONM1,2003-04-07,4631.9
NONM1,2003-04-14,4624.6
NONM1,2003-04-21,4617.7
NONM1,2003-04-28,4657.5
NONM1,2003-05-05,4686.1
NONM1,2003-05-12,4677.5
NONM1,2003-05-19,4670.5
NONM1,2003-05-26,4677.8
NONM1,2003-06-02,4680.1
NONM1,2003-06-09,4684.7
NONM1,2003-06-16,4697.7
NONM1,2003-06-23,4711.8
NONM1,2003-06-30,4721.7
NONM1,2003-07-07,4746.1
NONM1,2003-07-14,4728.8
NONM1,2003-07-21,4732.5
NONM1,2003-07-28,4749.1
NONM1,2003-08-04,4774.5
NONM1,2003-08-11,4788.1
NONM1,2003-08-18,4809.2
NONM1,2003-08-25,4782.9
NONM1,2003-09-01,4797.2
NONM1,2003-09-08,4776.2
NONM1,2003-09-15,4766.0
NONM1,2003-09-22,4753.7
NONM1,2003-09-29,4751.6
NONM1,2003-10-06,4759.0
NONM1,2003-10-13,4754.1
NONM1,2003-10-20,4757.1
NONM1,2003-10-27,4757.5
NONM1,2003-11-03,4727.9
NONM1,2003-11-10,4751.3
NONM1,2003-11-17,4764.1
NONM1,2003-11-24,4756.6
NONM1,2003-12-01,4770.4
NONM1,2003-12-08,4747.6
NONM1,2003-12-15,4742.3
NONM1,2003-12-22,4748.1
NONM1,2003-12-29,4750.4
NONM1,2004-01-05,4750.0
NONM1,2004-01-12,4751.2
NONM1,2004-01-19,4749.0
NONM1,2004-01-26,4763.1
NONM1,2004-02-02,4772.5
NONM1,2004-02-09,4763.6
NONM1,2004-02-16,4775.2
NONM1,2004-02-23,4787.5
NONM1,2004-03-01,4799.1
NONM1,2004-03-08,4794.0
NONM1,2004-03-15,4798.6
NONM1,2004-03-22,4812.8
NONM1,2004-03-29,4822.0
NONM1,2004-04-05,4839.8
NONM1,2004-04-12,4830.0
NONM1,2004-04-19,4836.6
NONM1,2004-04-26,4861.2
NONM1,2004-05-03,4868.7
NONM1,2004-05-10,4919.4
NONM1,2004-05-17,4933.3
NONM1,2004-05-24,4920.6
NONM1,2004-05-31,4936.3
NONM1,2004-06-07,4922.3
NONM1,2004-06-14,4913.7
NONM1,2004-06-21,4912.7
NONM1,2004-06-28,4906.3
NONM1,2004-07-05,4926.4
NONM1,2004-07-12,4928.3
NONM1,2004-07-19,4930.8
NONM1,2004-07-26,4930.6
NONM1,2004-08-02,4934.9
NONM1,2004-08-09,4934.0
NONM1,2004-08-16,4946.3
NONM1,2004-08-23,4942.9
NONM1,2004-08-30,4946.8
NONM1,2004-09-06,4966.3
NONM1,2004-09-13,4960.9
NONM1,2004-09-20,4969.2
NONM1,2004-09-27,4976.8
NONM1,2004-10-04,4976.8
NONM1,2004-10-11,4983.1
NONM1,2004-10-18,4995.4
NONM1,2004-10-25,4999.5
NONM1,2004-11-01,5029.0
NONM1,2004-11-08,5010.7
NONM1,2004-11-15,5016.0
NONM1,2004-11-22,5014.5
NONM1,2004-11-29,5002.5
NONM1,2004-12-06,5033.4
NONM1,2004-12-13,5029.9
NONM1,2004-12-20,5036.1
NONM1,2004-12-27,5031.8
NONM1,2005-01-03,5001.3
NONM1,2005-01-10,5037.1
NONM1,2005-01-17,5055.0
NONM1,2005-01-24,5042.9
NONM1,2005-01-31,5037.5
NONM1,2005-02-07,5058.9
NONM1,2005-02-14,5044.5
NONM1,2005-02-21,5046.3
NONM1,2005-02-28,5044.2
NONM1,2005-03-07,5056.5
NONM1,2005-03-14,5052.3
NONM1,2005-03-21,5054.8
NONM1,2005-03-28,5059.7
NONM1,2005-04-04,5075.3
NONM1,2005-04-11,5080.4
NONM1,2005-04-18,5088.7
NONM1,2005-04-25,5083.8
NONM1,2005-05-02,5091.2
NONM1,2005-05-09,5097.7
NONM1,2005-05-16,5101.1
NONM1,2005-05-23,5095.3
NONM1,2005-05-30,5079.9
NONM1,2005-06-06,5109.2
NONM1,2005-06-13,5108.2
NONM1,2005-06-20,5111.7
NONM1,2005-06-27,5112.7
NONM1,2005-07-04,5127.5
NONM1,2005-07-11,5140.7
NONM1,2005-07-18,5157.2
NONM1,2005-07-25,5155.0
NONM1,2005-08-01,5186.8
NONM1,2005-08-08,5178.5
NONM1,2005-08-15,5177.2
NONM1,2005-08-22,5177.6
NONM1,2005-08-29,5172.3
NONM1,2005-09-05,5209.1
NONM1,2005-09-12,5211.7
NONM1,2005-09-19,5214.3
NONM1,2005-09-26,5215.1
NONM1,2005-10-03,5207.5
NONM1,2005-10-10,5241.9
NONM1,2005-10-17,5264.9
NONM1,2005-10-24,5252.8
NONM1,2005-10-31,5250.7
NONM1,2005-11-07,5269.0
NONM1,2005-11-14,5266.0
NONM1,2005-11-21,5264.6
NONM1,2005-11-28,5256.2
NONM1,2005-12-05,5280.2
NONM1,2005-12-12,5290.1
NONM1,2005-12-19,5296.8
NONM1,2005-12-26,5294.1
NONM1,2006-01-02,5307.4
NONM1,2006-01-09,5328.7
NONM1,2006-01-16,5337.3
NONM1,2006-01-23,5340.2
NONM1,2006-01-30,5322.4
NONM1,2006-02-06,5345.8
NONM1,2006-02-13,5351.9
NONM1,2006-02-20,5360.7
NONM1,2006-02-27,5361.6
NONM1,2006-03-06,5385.8
NONM1,2006-03-13,5366.6
NONM1,2006-03-20,5358.8
NONM1,2006-03-27,5362.1
NONM1,2006-04-03,5354.8
NONM1,2006-04-10,5396.4
NONM1,2006-04-17,5411.1
NONM1,2006-04-24,5413.5
NONM1,2006-05-01,5423.1
NONM1,2006-05-08,5401.2
NONM1,2006-05-15,5400.9
NONM1,2006-05-22,5407.7
NONM1,2006-05-29,5401.8
NONM1,2006-06-05,5438.2
NONM1,2006-06-12,5451.0
NONM1,2006-06-19,5459.4
NONM1,2006-06-26,5466.7
NONM1,2006-07-03,5459.4
NONM1,2006-07-10,5496.8
NONM1,2006-07-17,5518.0
NONM1,2006-07-24,5503.3
NONM1,2006-07-31,5499.4
NONM1,2006-08-07,5525.9
NONM1,2006-08-14,5526.7
NONM1,2006-08-21,5533.2
NONM1,2006-08-28,5530.4
NONM1,2006-09-04,5549.0
NONM1,2006-09-11,5556.8
NONM1,2006-09-18,5567.3
NONM1,2006-09-25,5571.4
NONM1,2006-10-02,5583.4
NONM1,2006-10-09,5604.6
NONM1,2006-10-16,5619.8
NONM1,2006-10-23,5606.8
NONM1,2006-10-30,5608.4
NONM1,2006-11-06,5643.3
NONM1,2006-11-13,5638.6
NONM1,2006-11-20,5634.3
NONM1,2006-11-27,5651.2
NONM1,2006-12-04,5658.9
NONM1,2006-12-11,5678.3
NONM1,2006-12-18,5690.2
NONM1,2006-12-25,5695.6
NONM1,2007-01-01,5722.6
NONM1,2007-01-08,5729.4
NONM1,2007-01-15,5719.9
NONM1,2007-01-22,5725.5
NONM1,2007-01-29,5717.8
NONM1,2007-02-05,5732.9
NONM1,2007-02-12,5742.1
NONM1,2007-02-19,5747.5
NONM1,2007-02-26,5765.2
NONM1,2007-03-05,5752.4
NONM1,2007-03-12,5757.7
NONM1,2007-03-19,5775.6
NONM1,2007-03-26,5799.8
NONM1,2007-04-02,5808.9
NONM1,2007-04-09,5822.9
NONM1,2007-04-16,5846.7
NONM1,2007-04-23,5860.4
NONM1,2007-04-30,5836.0
NONM1,2007-05-07,5854.8
NONM1,2007-05-14,5841.8
NONM1,2007-05-21,5852.3
NONM1,2007-05-28,5847.4
NONM1,2007-06-04,5859.5
NONM1,2007-06-11,5882.9
NONM1,2007-06-18,5906.8
NONM1,2007-06-25,5909.7
NONM1,2007-07-02,5909.1
NONM1,2007-07-09,5909.1
NONM1,2007-07-16,5917.5
NONM1,2007-07-23,5926.8
NONM1,2007-07-30,5935.6
NONM1,2007-08-06,5963.1
NONM1,2007-08-13,5978.7
NONM1,2007-08-20,6006.9
NONM1,2007-08-27,6031.4
NONM1,2007-09-03,5983.3
NONM1,2007-09-10,6001.9
NONM1,2007-09-17,6015.0
NONM1,2007-09-24,6020.8
NONM1,2007-10-01,6032.0
NONM1,2007-10-08,6025.9
NONM1,2007-10-15,6008.8
NONM1,2007-10-22,6009.7
NONM1,2007-10-29,6043.4
NONM1,2007-11-05,6039.5
NONM1,2007-11-12,6040.7
NONM1,2007-11-19,6060.2
NONM1,2007-11-26,6078.3
NONM1,2007-12-03,6056.6
NONM1,2007-12-10,6075.8
NONM1,2007-12-17,6091.5
NONM1,2007-12-24,6082.8
NONM1,2007-12-31,6100.2
NONM1,2008-01-07,6097.1
NONM1,2008-01-14,6089.5
NONM1,2008-01-21,6101.2
NONM1,2008-01-28,6145.9
NONM1,2008-02-04,6167.9
NONM1,2008-02-11,6188.6
NONM1,2008-02-18,6190.2
NONM1,2008-02-25,6220.0
NONM1,2008-03-03,6205.9
NONM1,2008-03-10,6228.5
NONM1,2008-03-17,6263.1
NONM1,2008-03-24,6272.6
NONM1,2008-03-31,6271.3
NONM1,2008-04-07,6305.7
NONM1,2008-04-14,6292.7
NONM1,2008-04-21,6302.9
NONM1,2008-04-28,6277.9
NONM1,2008-05-05,6280.4
NONM1,2008-05-12,6295.7
NONM1,2008-05-19,6309.0
NONM1,2008-05-26,6321.1
NONM1,2008-06-02,6306.7
NONM1,2008-06-09,6298.7
NONM1,2008-06-16,6308.2
NONM1,2008-06-23,6322.3
NONM1,2008-06-30,6312.0
NONM1,2008-07-07,6325.8
NONM1,2008-07-14,6328.0
NONM1,2008-07-21,6349.2
NONM1,2008-07-28,6351.5
NONM1,2008-08-04,6352.2
NONM1,2008-08-11,6368.9
NONM1,2008-08-18,6377.3
NONM1,2008-08-25,6373.7
NONM1,2008-09-01,6363.2
NONM1,2008-09-08,6328.6
NONM1,2008-09-15,6331.3
NONM1,2008-09-22,6438.9
NONM1,2008-09-29,6431.5
NONM1,2008-10-06,6444.0
NONM1,2008-10-13,6482.7
NONM1,2008-10-20,6533.8
NONM1,2008-10-27,6479.9
NONM1,2008-11-03,6436.4
NONM1,2008-11-10,6464.7
NONM1,2008-11-17,6481.5
NONM1,2008-11-24,6498.8
NONM1,2008-12-01,6546.3
NONM1,2008-12-08,6540.9
NONM1,2008-12-15,6559.7
NONM1,2008-12-22,6591.0
NONM1,2008-12-29,6619.3
NONM1,2009-01-05,6618.9
NONM1,2009-01-12,6634.4
NONM1,2009-01-19,6696.4
NONM1,2009-01-26,6727.8
NONM1,2009-02-02,6712.7
NONM1,2009-02-09,6707.9
NONM1,2009-02-16,6723.1
NONM1,2009-02-23,6732.2
NONM1,2009-03-02,6743.0
NONM1,2009-03-09,6766.2
NONM1,2009-03-16,6808.4
NONM1,2009-03-23,6796.9
NONM1,2009-03-30,6767.3
NONM1,2009-04-06,6685.2
NONM1,2009-04-13,6746.1
NONM1,2009-04-20,6767.1
NONM1,2009-04-27,6772.2
NONM1,2009-05-04,6787.5
NONM1,2009-05-11,6796.0
NONM1,2009-05-18,6797.6
NONM1,2009-05-25,6804.8
NONM1,2009-06-01,6813.6
NONM1,2009-06-08,6788.8
NONM1,2009-06-15,6779.5
NONM1,2009-06-22,6758.8
NONM1,2009-06-29,6742.6
NONM1,2009-07-06,6766.2
NONM1,2009-07-13,6758.6
NONM1,2009-07-20,6772.1
NONM1,2009-07-27,6791.3
NONM1,2009-08-03,6755.4
NONM1,2009-08-10,6773.4
NONM1,2009-08-17,6775.4
NONM1,2009-08-24,6768.6
NONM1,2009-08-31,6778.3
NONM1,2009-09-07,6763.4
NONM1,2009-09-14,6761.1
NONM1,2009-09-21,6771.1
NONM1,2009-09-28,6769.1
NONM1,2009-10-05,6772.9
NONM1,2009-10-12,6774.3
NONM1,2009-10-19,6783.1
NONM1,2009-10-26,6785.4
NONM1,2009-11-02,6786.6
NONM1,2009-11-09,6804.3
NONM1,2009-11-16,6810.0
NONM1,2009-11-23,6808.8
NONM1,2009-11-30,6803.6
NONM1,2009-12-07,6820.7
NONM1,2009-12-14,6804.5
NONM1,2009-12-21,6783.8
NONM1,2009-12-28,6779.2
NONM1,2010-01-04,6730.2
NONM1,2010-01-11,6766.6
NONM1,2010-01-18,6765.8
NONM1,2010-01-25,6781.4
NONM1,2010-02-01,6797.5
NONM1,2010-02-08,6785.3
NONM1,2010-02-15,6791.3
NONM1,2010-02-22,6805.6
NONM1,2010-03-01,6800.2
NONM1,2010-03-08,6781.9
NONM1,2010-03-15,6768.1
NONM1,2010-03-22,6768.0
NONM1,2010-03-29,6789.3
NONM1,2010-04-05,6821.8
NONM1,2010-04-12,6817.5
NONM1,2010-04-19,6809.9
NONM1,2010-04-26,6844.7
NONM1,2010-05-03,6825.0
NONM1,2010-05-10,6853.1
NONM1,2010-05-17,6884.2
NONM1,2010-05-24,6865.4
NONM1,2010-05-31,6885.2
NONM1,2010-06-07,6878.4
NONM1,2010-06-14,6862.3
NONM1,2010-06-21,6864.9
NONM1,2010-06-28,6857.5
NONM1,2010-07-05,6854.2
NONM1,2010-07-12,6873.2
NONM1,2010-07-19,6883.3
NONM1,2010-07-26,6893.0
NONM1,2010-08-02,6906.3
NONM1,2010-08-09,6905.0
NONM1,2010-08-16,6914.1
NONM1,2010-08-23,6899.5
NONM1,2010-08-30,6911.0
NONM1,2010-09-06,6924.1
NONM1,2010-09-13,6915.1
NONM1,2010-09-20,6913.5
NONM1,2010-09-27,6926.8
NONM1,2010-10-04,6937.5
NONM1,2010-10-11,6944.1
NONM1,2010-10-18,6963.5
NONM1,2010-10-25,6951.8
NONM1,2010-11-01,6980.0
NONM1,2010-11-08,6876.7
NONM1,2010-11-15,6947.7
NONM1,2010-11-22,6942.2
NONM1,2010-11-29,6937.9
NONM1,2010-12-06,6958.7
NONM1,2010-12-13,6954.7
NONM1,2010-12-20,6949.6
NONM1,2010-12-27,6957.1
NONM1,2011-01-03,6937.4
NONM1,2011-01-10,6974.5
NONM1,2011-01-17,6994.9
NONM1,2011-01-24,6966.7
NONM1,2011-01-31,6968.4
NONM1,2011-02-07,7006.2
NONM1,2011-02-14,7005.4
NONM1,2011-02-21,6992.7
NONM1,2011-02-28,6990.7
NONM1,2011-03-07,7022.9
NONM1,2011-03-14,7011.8
NONM1,2011-03-21,7019.4
NONM1,2011-03-28,7034.4
NONM1,2011-04-04,7045.2
NONM1,2011-04-11,7054.2
NONM1,2011-04-18,7077.6
NONM1,2011-04-25,7103.0
NONM1,2011-05-02,7097.8
NONM1,2011-05-09,7088.9
NONM1,2011-05-16,7096.2
NONM1,2011-05-23,7087.1
NONM1,2011-05-30,7087.9
NONM1,2011-06-06,7110.0
NONM1,2011-06-13,7109.6
NONM1,2011-06-20,7142.5
NONM1,2011-06-27,7223.7
NONM1,2011-07-04,7243.9
NONM1,2011-07-11,7256.8
NONM1,2011-07-18,7291.0
NONM1,2011-07-25,7306.1
NONM1,2011-08-01,7390.4
NONM1,2011-08-08,7385.6
NONM1,2011-08-15,7399.9
NONM1,2011-08-22,7401.4
NONM1,2011-08-29,7414.6
NONM1,2011-09-05,7424.9
NONM1,2011-09-12,7411.2
NONM1,2011-09-19,7405.1
NONM1,2011-09-26,7425.4
NONM1,2011-10-03,7386.3
NONM1,2011-10-10,7419.8
NONM1,2011-10-17,7451.3
NONM1,2011-10-24,7433.4
NONM1,2011-10-31,7442.5
NONM1,2011-11-07,7455.1
NONM1,2011-11-14,7448.6
NONM1,2011-11-21,7428.5
NONM1,2011-11-28,7443.7
NONM1,2011-12-05,7466.9
NONM1,2011-12-12,7481.1
NONM1,2011-12-19,7488.8
NONM1,2011-12-26,7483.1
NONM1,2012-01-02,7517.3
NONM1,2012-01-09,7524.5
NONM1,2012-01-16,7535.2
NONM1,2012-01-23,7521.6
NONM1,2012-01-30,7531.8
NONM1,2012-02-06,7554.2
NONM1,2012-02-13,7560.2
NONM1,2012-02-20,7560.8
NONM1,2012-02-27,7569.3
NONM1,2012-03-05,7587.5
NONM1,2012-03-12,7582.1
NONM1,2012-03-19,7577.5
NONM1,2012-03-26,7599.1
NONM1,2012-04-02,7602.1
NONM1,2012-04-09,7615.7
NONM1,2012-04-16,7638.5
NONM1,2012-04-23,7616.5
NONM1,2012-04-30,7631.6
NONM1,2012-05-07,7658.2
NONM1,2012-05-14,7629.9
NONM1,2012-05-21,7643.8
NONM1,2012-05-28,7649.2
NONM1,2012-06-04,7664.4
NONM1,2012-06-11,7681.2
NONM1,2012-06-18,7699.9
NONM1,2012-06-25,7708.1
NONM1,2012-07-02,7723.0
NONM1,2012-07-09,7692.9
NONM1,2012-07-16,7734.9
NONM1,2012-07-23,7729.4
NONM1,2012-07-30,7753.6
NONM1,2012-08-06,7767.5
NONM1,2012-08-13,7765.1
NONM1,2012-08-20,7770.8
NONM1,2012-08-27,7788.6
NONM1,2012-09-03,7741.2
NONM1,2012-09-10,7774.7
NONM1,2012-09-17,7821.7
NONM1,2012-09-24,7818.1
NONM1,2012-10-01,7863.0
NONM1,2012-10-08,7821.4
NONM1,2012-10-15,7829.1
NONM1,2012-10-22,7826.5
NONM1,2012-10-29,7858.3
NONM1,2012-11-05,7905.8
NONM1,2012-11-12,7891.8
NONM1,2012-11-19,7876.5
NONM1,2012-11-26,7915.8
NONM1,2012-12-03,7893.7
NONM1,2012-12-10,7924.2
NONM1,2012-12-17,8001.8
NONM1,2012-12-24,7996.4
NONM1,2012-12-31,8054.7
NONM1,2013-01-07,8040.9
NONM1,2013-01-14,7992.6
NONM1,2013-01-21,7966.0
NONM1,2013-01-28,7997.0
NONM1,2013-02-04,7984.8
NONM1,2013-02-11,7988.1
NONM1,2013-02-18,7986.0
NONM1,2013-02-25,8001.7
NONM1,2013-03-04,8040.4
NONM1,2013-03-11,8044.3
NONM1,2013-03-18,8063.9
NONM1,2013-03-25,8059.4
NONM1,2013-04-01,8085.2
NONM1,2013-04-08,8078.2
NONM1,2013-04-15,8059.7
NONM1,2013-04-22,8044.7
NONM1,2013-04-29,8049.1
NONM1,2013-05-06,8091.0
NONM1,2013-05-13,8084.3
NONM1,2013-05-20,8080.0
NONM1,2013-05-27,8086.1
NONM1,2013-06-03,8054.4
NONM1,2013-06-10,8120.1
NONM1,2013-06-17,8145.9
NONM1,2013-06-24,8132.7
NONM1,2013-07-01,8180.5
NONM1,2013-07-08,8157.0
NONM1,2013-07-15,8167.7
NONM1,2013-07-22,8171.2
NONM1,2013-07-29,8194.8
NONM1,2013-08-05,8225.1
NONM1,2013-08-12,8228.2
NONM1,2013-08-19,8226.3
NONM1,2013-08-26,8233.7
NONM1,2013-09-02,8226.1
NONM1,2013-09-09,8222.7
NONM1,2013-09-16,8233.6
NONM1,2013-09-23,8249.5
NONM1,2013-09-30,8298.4
NONM1,2013-10-07,8324.0
NONM1,2013-10-14,8288.9
NONM1,2013-10-21,8325.8
NONM1,2013-10-28,8342.3
NONM1,2013-11-04,8345.2
NONM1,2013-11-11,8317.6
NONM1,2013-11-18,8315.6
NONM1,2013-11-25,8338.4
NONM1,2013-12-02,8331.6
NONM1,2013-12-09,8330.7
NONM1,2013-12-16,8350.3
NONM1,2013-12-23,8345.9
NONM1,2013-12-30,8378.3
NONM1,2014-01-06,8368.0
NONM1,2014-01-13,8361.0
NONM1,2014-01-20,8360.6
NONM1,2014-01-27,8408.2
NONM1,2014-02-03,8333.3
NONM1,2014-02-10,8416.5
NONM1,2014-02-17,8456.1
NONM1,2014-02-24,8455.7
NONM1,2014-03-03,8385.5
NONM1,2014-03-10,8405.8
NONM1,2014-03-17,8448.0
NONM1,2014-03-24,8461.0
NONM1,2014-03-31,8449.1
NONM1,2014-04-07,8476.3
NONM1,2014-04-14,8446.9
NONM1,2014-04-21,8450.1
NONM1,2014-04-28,8489.9
NONM1,2014-05-05,8501.3
NONM1,2014-05-12,8498.1
NONM1,2014-05-19,8516.2
NONM1,2014-05-26,8542.2
NONM1,2014-06-02,8544.2
NONM1,2014-06-09,8516.3
NONM1,2014-06-16,8531.1
NONM1,2014-06-23,8543.8
NONM1,2014-06-30,8557.2
NONM1,2014-07-07,8572.7
NONM1,2014-07-14,8564.2
NONM1,2014-07-21,8580.4
NONM1,2014-07-28,8615.5
NONM1,2014-08-04,8616.2
NONM1,2014-08-11,8628.5
NONM1,2014-08-18,8670.1
NONM1,2014-08-25,8672.1
NONM1,2014-09-01,8669.5
NONM1,2014-09-08,8628.3
NONM1,2014-09-15,8615.2
NONM1,2014-09-22,8622.7
NONM1,2014-09-29,8639.6
NONM1,2014-10-06,8676.9
NONM1,2014-10-13,8669.8
NONM1,2014-10-20,8693.4
NONM1,2014-10-27,8721.1
NONM1,2014-11-03,8631.7
NONM1,2014-11-10,8690.5
NONM1,2014-11-17,8712.1
NONM1,2014-11-24,8712.8
NONM1,2014-12-01,8739.5
NONM1,2014-12-08,8713.6
NONM1,2014-12-15,8715.9
NONM1,2014-12-22,8720.0
NONM1,2014-12-29,8754.9
NONM1,2015-01-05,8743.5
NONM1,2015-01-12,8773.3
NONM1,2015-01-19,8796.5
NONM1,2015-01-26,8821.2
NONM1,2015-02-02,8817.2
NONM1,2015-02-09,8822.6
NONM1,2015-02-16,8840.3
NONM1,2015-02-23,8869.2
NONM1,2015-03-02,8867.0
NONM1,2015-03-09,8842.0
NONM1,2015-03-16,8868.3
NONM1,2015-03-23,8868.0
NONM1,2015-03-30,8892.7
NONM1,2015-04-06,8931.5
NONM1,2015-04-13,8904.0
NONM1,2015-04-20,8908.7
NONM1,2015-04-27,8918.6
NONM1,2015-05-04,8920.8
NONM1,2015-05-11,8933.1
NONM1,2015-05-18,8972.0
NONM1,2015-05-25,8972.9
NONM1,2015-06-01,9003.6
NONM1,2015-06-08,8969.7
NONM1,2015-06-15,8959.2
NONM1,2015-06-22,8974.1
NONM1,2015-06-29,8982.0
NONM1,2015-07-06,9025.4
NONM1,2015-07-13,9003.6
NONM1,2015-07-20,9003.3
NONM1,2015-07-27,9024.3
NONM1,2015-08-03,8954.7
NONM1,2015-08-10,9033.7
NONM1,2015-08-17,9085.9
NONM1,2015-08-24,9091.9
NONM1,2015-08-31,9109.5
NONM1,2015-09-07,9116.4
NONM1,2015-09-14,9103.5
NONM1,2015-09-21,9099.5
NONM1,2015-09-28,9105.2
NONM1,2015-10-05,9135.0
NONM1,2015-10-12,9152.8
NONM1,2015-10-19,9161.7
NONM1,2015-10-26,9194.3
NONM1,2015-11-02,9190.1
NONM1,2015-11-09,9184.8
NONM1,2015-11-16,9200.8
NONM1,2015-11-23,9189.5
NONM1,2015-11-30,9196.4
NONM1,2015-12-07,9253.9
NONM1,2015-12-14,9223.7
NONM1,2015-12-21,9241.0
NONM1,2015-12-28,9256.2
NONM1,2016-01-04,9165.5
NONM1,2016-01-11,9351.9
NONM1,2016-01-18,9374.0
NONM1,2016-01-25,9398.9
NONM1,2016-02-01,9438.1
NONM1,2016-02-08,9405.9
NONM1,2016-02-15,9395.6
NONM1,2016-02-22,9424.9
NONM1,2016-02-29,9390.4
NONM1,2016-03-07,9453.6
NONM1,2016-03-14,9432.8
NONM1,2016-03-21,9427.6
NONM1,2016-03-28,9461.1
NONM1,2016-04-04,9462.1
NONM1,2016-04-11,9457.0
NONM1,2016-04-18,9494.5
NONM1,2016-04-25,9512.7
NONM1,2016-05-02,9498.4
NONM1,2016-05-09,9488.6
NONM1,2016-05-16,9516.0
NONM1,2016-05-23,9523.3
NONM1,2016-05-30,9538.2
NONM1,2016-06-06,9567.8
NONM1,2016-06-13,9566.6
NONM1,2016-06-20,9568.9
NONM1,2016-06-27,9596.4
NONM1,2016-07-04,9588.7
NONM1,2016-07-11,9592.1
NONM1,2016-07-18,9634.0
NONM1,2016-07-25,9648.9
NONM1,2016-08-01,9694.1
NONM1,2016-08-08,9646.4
NONM1,2016-08-15,9633.7
NONM1,2016-08-22,9640.7
NONM1,2016-08-29,9664.9
NONM1,2016-09-05,9709.8
NONM1,2016-09-12,9701.1
NONM1,2016-09-19,9705.7
NONM1,2016-09-26,9721.6
NONM1,2016-10-03,9667.3
NONM1,2016-10-10,9734.9
NONM1,2016-10-17,9784.7
NONM1,2016-10-24,9784.4
NONM1,2016-10-31,9799.2
NONM1,2016-11-07,9816.2
NONM1,2016-11-14,9794.2
NONM1,2016-11-21,9814.0
NONM1,2016-11-28,9828.9
NONM1,2016-12-05,9865.0
NONM1,2016-12-12,9844.3
NONM1,2016-12-19,9869.1
NONM1,2016-12-26,9857.3
NONM1,2017-01-02,9862.3
NONM1,2017-01-09,9873.4
NONM1,2017-01-16,9885.2
NONM1,2017-01-23,9898.0
NONM1,2017-01-30,9889.8
NONM1,2017-02-06,9949.4
NONM1,2017-02-13,9930.2
NONM1,2017-02-20,9915.1
NONM1,2017-02-27,9954.6
NONM1,2017-03-06,9977.5
NONM1,2017-03-13,9960.6
NONM1,2017-03-20,9964.2
NONM1,2017-03-27,9985.9
NONM1,2017-04-03,9905.2
NONM1,2017-04-10,10004.7
NONM1,2017-04-17,10024.7
NONM1,2017-04-24,10045.7
NONM1,2017-05-01,10066.0
NONM1,2017-05-08,9999.5
NONM1,2017-05-15,9990.4
NONM1,2017-05-22,10008.3
NONM1,2017-05-29,10028.3
NONM1,2017-06-05,10056.3
NONM1,2017-06-12,10034.4
NONM1,2017-06-19,10038.8
NONM1,2017-06-26,10028.0
NONM1,2017-07-03,9981.3
NONM1,2017-07-10,10055.0
NONM1,2017-07-17,10100.5
NONM1,2017-07-24,10075.0
NONM1,2017-07-31,10073.4
NONM1,2017-08-07,10106.3
NONM1,2017-08-14,10068.4
NONM1,2017-08-21,10052.2
NONM1,2017-08-28,10104.2
NONM1,2017-09-04,10141.2
NONM1,2017-09-11,10118.6
NONM1,2017-09-18,10133.2
NONM1,2017-09-25,10157.0
NONM1,2017-10-02,10166.4
NONM1,2017-10-09,10155.5
NONM1,2017-10-16,10168.4
NONM1,2017-10-23,10153.0
NONM1,2017-10-30,10179.0
NONM1,2017-11-06,10189.2
NONM1,2017-11-13,10155.8
NONM1,2017-11-20,10140.3
NONM1,2017-11-27,10172.4
NONM1,2017-12-04,10186.7
NONM1,2017-12-11,10209.4
NONM1,2017-12-18,10243.6
NONM1,2017-12-25,10234.2
NONM1,2018-01-01,10253.2
NONM1,2018-01-08,10201.2
NONM1,2018-01-15,10179.7
NONM1,2018-01-22,10201.1
NONM1,2018-01-29,10232.6
NONM1,2018-02-05,10258.0
NONM1,2018-02-12,10266.7
NONM1,2018-02-19,10272.2
NONM1,2018-02-26,10289.3
NONM1,2018-03-05,10279.6
NONM1,2018-03-12,10267.2
NONM1,2018-03-19,10281.0
NONM1,2018-03-26,10311.9
NONM1,2018-04-02,10319.0
NONM1,2018-04-09,10310.4
NONM1,2018-04-16,10330.2
NONM1,2018-04-23,10333.5
NONM1,2018-04-30,10335.0
NONM1,2018-05-07,10378.8
NONM1,2018-05-14,10383.3
NONM1,2018-05-21,10393.7
NONM1,2018-05-28,10420.0
NONM1,2018-06-04,10423.0
NONM1,2018-06-11,10452.5
NONM1,2018-06-18,10473.0
NONM1,2018-06-25,10478.0
NONM1,2018-07-02,10470.8
NONM1,2018-07-09,10457.4
NONM1,2018-07-16,10478.0
NONM1,2018-07-23,10484.6
NONM1,2018-07-30,10481.5
NONM1,2018-08-06,10500.0
NONM1,2018-08-13,10511.0
NONM1,2018-08-20,10526.7
NONM1,2018-08-27,10536.5
NONM1,2018-09-03,10452.3
NONM1,2018-09-10,10501.9
NONM1,2018-09-17,10539.2
NONM1,2018-09-24,10534.9
NONM1,2018-10-01,10557.8
NONM1,2018-10-08,10512.5
NONM1,2018-10-15,10512.5
NONM1,2018-10-22,10505.4
NONM1,2018-10-29,10522.7
NONM1,2018-11-05,10537.9
NONM1,2018-11-12,10536.6
NONM1,2018-11-19,10557.7
NONM1,2018-11-26,10567.5
NONM1,2018-12-03,10524.4
NONM1,2018-12-10,10553.9
NONM1,2018-12-17,10604.0
NONM1,2018-12-24,10625.7
NONM1,2018-12-31,10672.1
NONM1,2019-01-07,10688.5
NONM1,2019-01-14,10701.6
NONM1,2019-01-21,10675.6
NONM1,2019-01-28,10721.7
NONM1,2019-02-04,10668.4
NONM1,2019-02-11,10696.4
NONM1,2019-02-18,10698.1
NONM1,2019-02-25,10731.5
NONM1,2019-03-04,10723.9
NONM1,2019-03-11,10766.6
NONM1,2019-03-18,10782.9
NONM1,2019-03-25,10795.5
NONM1,2019-04-01,10821.2
NONM1,2019-04-08,10798.6
NONM1,2019-04-15,10759.9
NONM1,2019-04-22,10757.1
NONM1,2019-04-29,10778.1
NONM1,2019-05-06,10841.4
NONM1,2019-05-13,10841.8
NONM1,2019-05-20,10873.5
NONM1,2019-05-27,10888.0
NONM1,2019-06-03,10851.9
NONM1,2019-06-10,10913.2
NONM1,2019-06-17,10947.0
NONM1,2019-06-24,10968.3
NONM1,2019-07-01,11013.3
NONM1,2019-07-08,10996.8
NONM1,2019-07-15,10973.0
NONM1,2019-07-22,10994.8
NONM1,2019-07-29,11031.5
NONM1,2019-08-05,11047.3
NONM1,2019-08-12,11062.9
NONM1,2019-08-19,11092.1
NONM1,2019-08-26,11096.9
NONM1,2019-09-02,11098.5
NONM1,2019-09-09,11089.5
NONM1,2019-09-16,11101.3
NONM1,2019-09-23,11139.3
NONM1,2019-09-30,11163.0
NONM1,2019-10-07,11222.4
NONM1,2019-10-14,11192.3
NONM1,2019-10-21,11233.6
NONM1,2019-10-28,11262.0
NONM1,2019-11-04,11266.1
NONM1,2019-11-11,11273.9
NONM1,2019-11-18,11333.5
NONM1,2019-11-25,11330.7
NONM1,2019-12-02,11339.1
NONM1,2019-12-09,11295.8
NONM1,2019-12-16,11333.9
NONM1,2019-12-23,11337.8
NONM1,2019-12-30,11380.9
NONM1,2020-01-06,11401.6
NONM1,2020-01-13,11446.1
NONM1,2020-01-20,11478.4
NONM1,2020-01-27,11526.9
